title,gg_url,cover_url
Final Fantasy XV,https://ggapp.io/games/TPVB0N/final-fantasy-xv,https://d2d2z3qzqjizpf.cloudfront.net/eyJidWNrZXQiOiJnZ2FwcCIsImtleSI6Im1lZGlhL2dhbWVzL1RQVkIwTi9kMmU0YWI1Yi1lOTUxLTRjMGQtOGRjMC02YzAxYzFiYTIxMTQucG5nIiwiZWRpdHMiOnsidG9Gb3JtYXQiOiJqcGciLCJqcGVnIjp7InF1YWxpdHkiOjgwLCJjaHJvbWFTdWJzYW1wbGluZyI6IjQ6NDo0In0sInJlc2l6ZSI6eyJ3aWR0aCI6MzE2LCJoZWlnaHQiOjQ3NH19fQ==
Ridge Racer 2,https://ggapp.io/games/0nQ0qL/ridge-racer-2,https://d2d2z3qzqjizpf.cloudfront.net/eyJidWNrZXQiOiJnZ2FwcCIsImtleSI6Im1lZGlhL2dhbWVzLzBuUTBxTC82NGZiMDllYy01ZmZjLTQyYzAtOTUxMC0xNjEwMmU4NDM3NWYucG5nIiwiZWRpdHMiOnsidG9Gb3JtYXQiOiJqcGciLCJqcGVnIjp7InF1YWxpdHkiOjgwLCJjaHJvbWFTdWJzYW1wbGluZyI6IjQ6NDo0In0sInJlc2l6ZSI6eyJ3aWR0aCI6MzE2LCJoZWlnaHQiOjQ3NH19fQ==
Castlevania Dominus Collection,https://ggapp.io/games/bWUSQP/castlevania-dominus-collection,https://d2d2z3qzqjizpf.cloudfront.net/eyJidWNrZXQiOiJnZ2FwcCIsImtleSI6Im1lZGlhL2dhbWVzL2JXVVNRUC80YjUxOWQ0OC1jZGVhLTQxNGItYmY3ZS0yNjEwNjA2NmFjMWYuanBnIiwiZWRpdHMiOnsidG9Gb3JtYXQiOiJqcGciLCJqcGVnIjp7InF1YWxpdHkiOjgwLCJjaHJvbWFTdWJzYW1wbGluZyI6IjQ6NDo0In0sInJlc2l6ZSI6eyJ3aWR0aCI6MzE2LCJoZWlnaHQiOjQ3NH19fQ==
Castlevania: Order of Ecclesia,https://ggapp.io/games/HKWgcr/castlevania-order-of-ecclesia,https://d2d2z3qzqjizpf.cloudfront.net/eyJidWNrZXQiOiJnZ2FwcCIsImtleSI6Im1lZGlhL2dhbWVzL0hLV2djci9jMTBmZjUzNS1lYmY4LTQ3YmYtOTU2NS00YTU4MTIxYzZhN2QucG5nIiwiZWRpdHMiOnsidG9Gb3JtYXQiOiJqcGciLCJqcGVnIjp7InF1YWxpdHkiOjgwLCJjaHJvbWFTdWJzYW1wbGluZyI6IjQ6NDo0In0sInJlc2l6ZSI6eyJ3aWR0aCI6MzE2LCJoZWlnaHQiOjQ3NH19fQ==
Clair Obscur: Expedition 33,https://ggapp.io/games/VusVfv/clair-obscur-expedition-33,https://d2d2z3qzqjizpf.cloudfront.net/eyJidWNrZXQiOiJnZ2FwcCIsImtleSI6Im1lZGlhL2dhbWVzL1Z1c1Zmdi9kZWIxM2U2Ny1iOTRkLTQwMjctOTY4ZS1mOGU4OTk3ZjA4NTYuanBnIiwiZWRpdHMiOnsidG9Gb3JtYXQiOiJqcGciLCJqcGVnIjp7InF1YWxpdHkiOjgwLCJjaHJvbWFTdWJzYW1wbGluZyI6IjQ6NDo0In0sInJlc2l6ZSI6eyJ3aWR0aCI6MzE2LCJoZWlnaHQiOjQ3NH19fQ==
The Last of Us Part II,https://ggapp.io/games/e3JiSd/the-last-of-us-part-ii,https://d2d2z3qzqjizpf.cloudfront.net/eyJidWNrZXQiOiJnZ2FwcCIsImtleSI6Im1lZGlhL2dhbWVzL2UzSmlTZC9hOTE4M2MwMi1hNGEzLTQ3ZDctYmM4Ny1hZDViNzczZTVjNjkuanBnIiwiZWRpdHMiOnsidG9Gb3JtYXQiOiJqcGciLCJqcGVnIjp7InF1YWxpdHkiOjgwLCJjaHJvbWFTdWJzYW1wbGluZyI6IjQ6NDo0In0sInJlc2l6ZSI6eyJ3aWR0aCI6MzE2LCJoZWlnaHQiOjQ3NH19fQ==
Detroit: Become Human,https://ggapp.io/games/VDzGZD/detroit-become-human,https://d2d2z3qzqjizpf.cloudfront.net/eyJidWNrZXQiOiJnZ2FwcCIsImtleSI6Im1lZGlhL2dhbWVzL1ZEekdaRC9lMjA4OTVlOS05MGQwLTRiZGItOGE3NS01M2VlMjk5YWI2MTUuanBnIiwiZWRpdHMiOnsidG9Gb3JtYXQiOiJqcGciLCJqcGVnIjp7InF1YWxpdHkiOjgwLCJjaHJvbWFTdWJzYW1wbGluZyI6IjQ6NDo0In0sInJlc2l6ZSI6eyJ3aWR0aCI6MzE2LCJoZWlnaHQiOjQ3NH19fQ==
Ratchet & Clank: Rift Apart,https://ggapp.io/games/1umARl/ratchet-clank-rift-apart,https://d2d2z3qzqjizpf.cloudfront.net/eyJidWNrZXQiOiJnZ2FwcCIsImtleSI6Im1lZGlhL2dhbWVzLzF1bUFSbC84OTAyOTg3Zi0zZTBmLTQ0NGQtOWVhOS1jNmUzZjQyNzg1NDgucG5nIiwiZWRpdHMiOnsidG9Gb3JtYXQiOiJqcGciLCJqcGVnIjp7InF1YWxpdHkiOjgwLCJjaHJvbWFTdWJzYW1wbGluZyI6IjQ6NDo0In0sInJlc2l6ZSI6eyJ3aWR0aCI6MzE2LCJoZWlnaHQiOjQ3NH19fQ==
Marvel's Spider-Man,https://ggapp.io/games/WJW3It/marvels-spider-man,https://d2d2z3qzqjizpf.cloudfront.net/eyJidWNrZXQiOiJnZ2FwcCIsImtleSI6Im1lZGlhL2dhbWVzL1dKVzNJdC8wZGE0MWQyOC02M2FkLTQ3YzItYjNiZS04YzFjYmZlNTIyODAucG5nIiwiZWRpdHMiOnsidG9Gb3JtYXQiOiJqcGciLCJqcGVnIjp7InF1YWxpdHkiOjgwLCJjaHJvbWFTdWJzYW1wbGluZyI6IjQ6NDo0In0sInJlc2l6ZSI6eyJ3aWR0aCI6MzE2LCJoZWlnaHQiOjQ3NH19fQ==
The Last of Us Remastered,https://ggapp.io/games/gsfseb/the-last-of-us-remastered,https://d2d2z3qzqjizpf.cloudfront.net/eyJidWNrZXQiOiJnZ2FwcCIsImtleSI6Im1lZGlhL2dhbWVzL2dzZnNlYi82MjQzNjRjOC03Y2MyLTRlNGMtYTk4OC00NGI2YTA3NTQ0ZWIuanBnIiwiZWRpdHMiOnsidG9Gb3JtYXQiOiJqcGciLCJqcGVnIjp7InF1YWxpdHkiOjgwLCJjaHJvbWFTdWJzYW1wbGluZyI6IjQ6NDo0In0sInJlc2l6ZSI6eyJ3aWR0aCI6MzE2LCJoZWlnaHQiOjQ3NH19fQ==
The Last of Us Part I,https://ggapp.io/games/V6Kon2/the-last-of-us-part-i,https://d2d2z3qzqjizpf.cloudfront.net/eyJidWNrZXQiOiJnZ2FwcCIsImtleSI6Im1lZGlhL2dhbWVzL1Y2S29uMi8yNzIxMzY1ZC1kZmYyLTRkYmYtYjhlMi1hNTFkZmIzNTcyYTcuanBnIiwiZWRpdHMiOnsidG9Gb3JtYXQiOiJqcGciLCJqcGVnIjp7InF1YWxpdHkiOjgwLCJjaHJvbWFTdWJzYW1wbGluZyI6IjQ6NDo0In0sInJlc2l6ZSI6eyJ3aWR0aCI6MzE2LCJoZWlnaHQiOjQ3NH19fQ==
The Last of Us,https://ggapp.io/games/WwTJB0/the-last-of-us,https://d2d2z3qzqjizpf.cloudfront.net/eyJidWNrZXQiOiJnZ2FwcCIsImtleSI6Im1lZGlhL2dhbWVzL1d3VEpCMC80YzhhNzIwMS01YzgwLTQzMjYtYTVhYy0wYmEwOTUxZmZhZjEuanBnIiwiZWRpdHMiOnsidG9Gb3JtYXQiOiJqcGciLCJqcGVnIjp7InF1YWxpdHkiOjgwLCJjaHJvbWFTdWJzYW1wbGluZyI6IjQ6NDo0In0sInJlc2l6ZSI6eyJ3aWR0aCI6MzE2LCJoZWlnaHQiOjQ3NH19fQ==
Gears of War 3,https://ggapp.io/games/KUszyU/gears-of-war-3,https://d2d2z3qzqjizpf.cloudfront.net/eyJidWNrZXQiOiJnZ2FwcCIsImtleSI6Im1lZGlhL2dhbWVzL0tVc3p5VS80OTA4N2NjZS05N2VlLTQwYzctYmQ5Zi01OTA0OGI2MDY5NDcucG5nIiwiZWRpdHMiOnsidG9Gb3JtYXQiOiJqcGciLCJqcGVnIjp7InF1YWxpdHkiOjgwLCJjaHJvbWFTdWJzYW1wbGluZyI6IjQ6NDo0In0sInJlc2l6ZSI6eyJ3aWR0aCI6MzE2LCJoZWlnaHQiOjQ3NH19fQ==
Gears of War 2,https://ggapp.io/games/YSoVoB/gears-of-war-2,https://d2d2z3qzqjizpf.cloudfront.net/eyJidWNrZXQiOiJnZ2FwcCIsImtleSI6Im1lZGlhL2dhbWVzL1lTb1ZvQi8wZjRhNGY1Yi1mZWYxLTQxNzEtODMxMi0wMDEwMzU4NTczZmEucG5nIiwiZWRpdHMiOnsidG9Gb3JtYXQiOiJqcGciLCJqcGVnIjp7InF1YWxpdHkiOjgwLCJjaHJvbWFTdWJzYW1wbGluZyI6IjQ6NDo0In0sInJlc2l6ZSI6eyJ3aWR0aCI6MzE2LCJoZWlnaHQiOjQ3NH19fQ==
Gears of War,https://ggapp.io/games/6uij3p/gears-of-war,https://d2d2z3qzqjizpf.cloudfront.net/eyJidWNrZXQiOiJnZ2FwcCIsImtleSI6Im1lZGlhL2dhbWVzLzZ1aWozcC8yYjg2N2FkNy1hOGQ1LTQ5ZjktOThkYS00Yjk0ZDM0ZDQ1MmYucG5nIiwiZWRpdHMiOnsidG9Gb3JtYXQiOiJqcGciLCJqcGVnIjp7InF1YWxpdHkiOjgwLCJjaHJvbWFTdWJzYW1wbGluZyI6IjQ6NDo0In0sInJlc2l6ZSI6eyJ3aWR0aCI6MzE2LCJoZWlnaHQiOjQ3NH19fQ==
Resident Evil Village,https://ggapp.io/games/RnfRdX/resident-evil-village,https://d2d2z3qzqjizpf.cloudfront.net/eyJidWNrZXQiOiJnZ2FwcCIsImtleSI6Im1lZGlhL2dhbWVzL1JuZlJkWC85NzM5YjkwYy05N2E4LTQ2MzQtODAwNC0yYzI1OWQ2MDkzNDUucG5nIiwiZWRpdHMiOnsidG9Gb3JtYXQiOiJqcGciLCJqcGVnIjp7InF1YWxpdHkiOjgwLCJjaHJvbWFTdWJzYW1wbGluZyI6IjQ6NDo0In0sInJlc2l6ZSI6eyJ3aWR0aCI6MzE2LCJoZWlnaHQiOjQ3NH19fQ==
Gears of War: Judgment,https://ggapp.io/games/c8o3sJ/gears-of-war-judgment,https://d2d2z3qzqjizpf.cloudfront.net/eyJidWNrZXQiOiJnZ2FwcCIsImtleSI6Im1lZGlhL2dhbWVzL2M4bzNzSi8yNzFkODkwYy04MDc2LTQ5MWQtOTgzYS01ZTRkOWVjYmEyYTQuanBnIiwiZWRpdHMiOnsidG9Gb3JtYXQiOiJqcGciLCJqcGVnIjp7InF1YWxpdHkiOjgwLCJjaHJvbWFTdWJzYW1wbGluZyI6IjQ6NDo0In0sInJlc2l6ZSI6eyJ3aWR0aCI6MzE2LCJoZWlnaHQiOjQ3NH19fQ==
Castlevania: Portrait of Ruin,https://ggapp.io/games/k1Ci6A/castlevania-portrait-of-ruin,https://d2d2z3qzqjizpf.cloudfront.net/eyJidWNrZXQiOiJnZ2FwcCIsImtleSI6Im1lZGlhL2dhbWVzL2sxQ2k2QS9kYmQyOTgwZS02MWNiLTQ2ODAtYTEyOC03OGIxMjZlZTE2MjYucG5nIiwiZWRpdHMiOnsidG9Gb3JtYXQiOiJqcGciLCJqcGVnIjp7InF1YWxpdHkiOjgwLCJjaHJvbWFTdWJzYW1wbGluZyI6IjQ6NDo0In0sInJlc2l6ZSI6eyJ3aWR0aCI6MzE2LCJoZWlnaHQiOjQ3NH19fQ==
Catherine,https://ggapp.io/games/nNXDKQ/catherine,https://d2d2z3qzqjizpf.cloudfront.net/eyJidWNrZXQiOiJnZ2FwcCIsImtleSI6Im1lZGlhL2dhbWVzL25OWERLUS9iZjllMWEwZS1hNmQwLTQ1OGUtYjUzYS0yNDYwZTRjOTQ2YTkucG5nIiwiZWRpdHMiOnsidG9Gb3JtYXQiOiJqcGciLCJqcGVnIjp7InF1YWxpdHkiOjgwLCJjaHJvbWFTdWJzYW1wbGluZyI6IjQ6NDo0In0sInJlc2l6ZSI6eyJ3aWR0aCI6MzE2LCJoZWlnaHQiOjQ3NH19fQ==
Captain Toad: Treasure Tracker,https://ggapp.io/games/kM8nQx/captain-toad-treasure-tracker,https://d2d2z3qzqjizpf.cloudfront.net/eyJidWNrZXQiOiJnZ2FwcCIsImtleSI6Im1lZGlhL2dhbWVzL2tNOG5ReC8xOTIyN2VlYy1lOTg2LTQ1NTctYWQ2MS0yNjYzMWMxYmQyM2EucG5nIiwiZWRpdHMiOnsidG9Gb3JtYXQiOiJqcGciLCJqcGVnIjp7InF1YWxpdHkiOjgwLCJjaHJvbWFTdWJzYW1wbGluZyI6IjQ6NDo0In0sInJlc2l6ZSI6eyJ3aWR0aCI6MzE2LCJoZWlnaHQiOjQ3NH19fQ==
L.A. Noire,https://ggapp.io/games/T3O8s6/l-a-noire,https://d2d2z3qzqjizpf.cloudfront.net/eyJidWNrZXQiOiJnZ2FwcCIsImtleSI6Im1lZGlhL2dhbWVzL1QzTzhzNi84NTEyNTM2Ny1mZmI2LTRkNDUtOGI2My04YWNlZmRkNjNhM2QuanBnIiwiZWRpdHMiOnsidG9Gb3JtYXQiOiJqcGciLCJqcGVnIjp7InF1YWxpdHkiOjgwLCJjaHJvbWFTdWJzYW1wbGluZyI6IjQ6NDo0In0sInJlc2l6ZSI6eyJ3aWR0aCI6MzE2LCJoZWlnaHQiOjQ3NH19fQ==
Max Payne 3,https://ggapp.io/games/ezJP7x/max-payne-3,https://d2d2z3qzqjizpf.cloudfront.net/eyJidWNrZXQiOiJnZ2FwcCIsImtleSI6Im1lZGlhL2dhbWVzL2V6SlA3eC85NjdhMDhhYy0wY2M4LTQyOWUtOTBjZi03YWJmOWVhODI0NzQuanBnIiwiZWRpdHMiOnsidG9Gb3JtYXQiOiJqcGciLCJqcGVnIjp7InF1YWxpdHkiOjgwLCJjaHJvbWFTdWJzYW1wbGluZyI6IjQ6NDo0In0sInJlc2l6ZSI6eyJ3aWR0aCI6MzE2LCJoZWlnaHQiOjQ3NH19fQ==
Heavy Rain,https://ggapp.io/games/Umk8v7/heavy-rain,https://d2d2z3qzqjizpf.cloudfront.net/eyJidWNrZXQiOiJnZ2FwcCIsImtleSI6Im1lZGlhL2dhbWVzL1Vtazh2Ny81NTVmYmYzOS1iOWQyLTQ0MzUtYjFiOS1kOGY4OWU2ODRhNDEucG5nIiwiZWRpdHMiOnsidG9Gb3JtYXQiOiJqcGciLCJqcGVnIjp7InF1YWxpdHkiOjgwLCJjaHJvbWFTdWJzYW1wbGluZyI6IjQ6NDo0In0sInJlc2l6ZSI6eyJ3aWR0aCI6MzE2LCJoZWlnaHQiOjQ3NH19fQ==
Tekken 5,https://ggapp.io/games/8BgHig/tekken-5,https://d2d2z3qzqjizpf.cloudfront.net/eyJidWNrZXQiOiJnZ2FwcCIsImtleSI6Im1lZGlhL2dhbWVzLzhCZ0hpZy82ZTJlMTJjYy1lYTBiLTQ4MmUtYWRlMC04NjE0ZDMyNzhhMGIucG5nIiwiZWRpdHMiOnsidG9Gb3JtYXQiOiJqcGciLCJqcGVnIjp7InF1YWxpdHkiOjgwLCJjaHJvbWFTdWJzYW1wbGluZyI6IjQ6NDo0In0sInJlc2l6ZSI6eyJ3aWR0aCI6MzE2LCJoZWlnaHQiOjQ3NH19fQ==
Tekken 5: Dark Resurrection,https://ggapp.io/games/NjIzlJ/tekken-5-dark-resurrection,https://d2d2z3qzqjizpf.cloudfront.net/eyJidWNrZXQiOiJnZ2FwcCIsImtleSI6Im1lZGlhL2dhbWVzL05qSXpsSi80MWFjYjFjNy01YTc1LTQwNjQtOTY0NC0wODY3NzI2MDExZmEucG5nIiwiZWRpdHMiOnsidG9Gb3JtYXQiOiJqcGciLCJqcGVnIjp7InF1YWxpdHkiOjgwLCJjaHJvbWFTdWJzYW1wbGluZyI6IjQ6NDo0In0sInJlc2l6ZSI6eyJ3aWR0aCI6MzE2LCJoZWlnaHQiOjQ3NH19fQ==
Devil May Cry 4,https://ggapp.io/games/Qwam3W/devil-may-cry-4,https://d2d2z3qzqjizpf.cloudfront.net/eyJidWNrZXQiOiJnZ2FwcCIsImtleSI6Im1lZGlhL2dhbWVzL1F3YW0zVy85N2JjZmQ0Ny0zNWFkLTRjYTAtOWJlNS1jZDAwMzJjM2Q5ZDcuanBnIiwiZWRpdHMiOnsidG9Gb3JtYXQiOiJqcGciLCJqcGVnIjp7InF1YWxpdHkiOjgwLCJjaHJvbWFTdWJzYW1wbGluZyI6IjQ6NDo0In0sInJlc2l6ZSI6eyJ3aWR0aCI6MzE2LCJoZWlnaHQiOjQ3NH19fQ==
Devil May Cry 2,https://ggapp.io/games/2U4Nxf/devil-may-cry-2,https://d2d2z3qzqjizpf.cloudfront.net/eyJidWNrZXQiOiJnZ2FwcCIsImtleSI6Im1lZGlhL2dhbWVzLzJVNE54Zi9jNmJkZjM1OC05Yzg1LTRiNWEtYjNiZi04MDAxZjI2ZjI4M2EucG5nIiwiZWRpdHMiOnsidG9Gb3JtYXQiOiJqcGciLCJqcGVnIjp7InF1YWxpdHkiOjgwLCJjaHJvbWFTdWJzYW1wbGluZyI6IjQ6NDo0In0sInJlc2l6ZSI6eyJ3aWR0aCI6MzE2LCJoZWlnaHQiOjQ3NH19fQ==
Devil May Cry,https://ggapp.io/games/DScBDZ/devil-may-cry,https://d2d2z3qzqjizpf.cloudfront.net/eyJidWNrZXQiOiJnZ2FwcCIsImtleSI6Im1lZGlhL2dhbWVzL0RTY0JEWi84NGZhYTBkNS0zMmEzLTQwZjktYjNmOC01OWJkYjAwNWE5NmUucG5nIiwiZWRpdHMiOnsidG9Gb3JtYXQiOiJqcGciLCJqcGVnIjp7InF1YWxpdHkiOjgwLCJjaHJvbWFTdWJzYW1wbGluZyI6IjQ6NDo0In0sInJlc2l6ZSI6eyJ3aWR0aCI6MzE2LCJoZWlnaHQiOjQ3NH19fQ==
Kingdom Hearts: Chain of Memories,https://ggapp.io/games/MoqTIX/kingdom-hearts-chain-of-memories,https://d2d2z3qzqjizpf.cloudfront.net/eyJidWNrZXQiOiJnZ2FwcCIsImtleSI6Im1lZGlhL2dhbWVzL01vcVRJWC83MThhNWFkMy1jMzY2LTQwNGUtODM5OS0yNjg4ODVmMTJjM2EucG5nIiwiZWRpdHMiOnsidG9Gb3JtYXQiOiJqcGciLCJqcGVnIjp7InF1YWxpdHkiOjgwLCJjaHJvbWFTdWJzYW1wbGluZyI6IjQ6NDo0In0sInJlc2l6ZSI6eyJ3aWR0aCI6MzE2LCJoZWlnaHQiOjQ3NH19fQ==
Kingdom Hearts: Birth by Sleep,https://ggapp.io/games/i0wXVM/kingdom-hearts-birth-by-sleep,https://d2d2z3qzqjizpf.cloudfront.net/eyJidWNrZXQiOiJnZ2FwcCIsImtleSI6Im1lZGlhL2dhbWVzL2kwd1hWTS9lMWU3NTk3Yy0yNTJiLTQxM2EtOWFiZS0yMzA1ZjE2ZTRjMDYucG5nIiwiZWRpdHMiOnsidG9Gb3JtYXQiOiJqcGciLCJqcGVnIjp7InF1YWxpdHkiOjgwLCJjaHJvbWFTdWJzYW1wbGluZyI6IjQ6NDo0In0sInJlc2l6ZSI6eyJ3aWR0aCI6MzE2LCJoZWlnaHQiOjQ3NH19fQ==
Kingdom Hearts: 358/2 Days,https://ggapp.io/games/f8LetN/kingdom-hearts-358-2-days,https://d2d2z3qzqjizpf.cloudfront.net/eyJidWNrZXQiOiJnZ2FwcCIsImtleSI6Im1lZGlhL2dhbWVzL2Y4TGV0Ti8wMmNkYmNlYy1lMTU3LTQwM2ItYjIyZC02NDU2MTc4ZmNlYmYucG5nIiwiZWRpdHMiOnsidG9Gb3JtYXQiOiJqcGciLCJqcGVnIjp7InF1YWxpdHkiOjgwLCJjaHJvbWFTdWJzYW1wbGluZyI6IjQ6NDo0In0sInJlc2l6ZSI6eyJ3aWR0aCI6MzE2LCJoZWlnaHQiOjQ3NH19fQ==
Kingdom Hearts,https://ggapp.io/games/X9nDzg/kingdom-hearts,https://d2d2z3qzqjizpf.cloudfront.net/eyJidWNrZXQiOiJnZ2FwcCIsImtleSI6Im1lZGlhL2dhbWVzL1g5bkR6Zy9hMWZlZjNiMy0wNDExLTRhNGMtYjFhZi03OGM5YzIzMjYxNzAucG5nIiwiZWRpdHMiOnsidG9Gb3JtYXQiOiJqcGciLCJqcGVnIjp7InF1YWxpdHkiOjgwLCJjaHJvbWFTdWJzYW1wbGluZyI6IjQ6NDo0In0sInJlc2l6ZSI6eyJ3aWR0aCI6MzE2LCJoZWlnaHQiOjQ3NH19fQ==
Fahrenheit,https://ggapp.io/games/3Ju1ub/fahrenheit,https://d2d2z3qzqjizpf.cloudfront.net/eyJidWNrZXQiOiJnZ2FwcCIsImtleSI6Im1lZGlhL2dhbWVzLzNKdTF1Yi8xMjA3ZmI4ZS0yZTJmLTQ3MmMtYTM2Yy05MDE2NWE3MmU3Y2IuanBnIiwiZWRpdHMiOnsidG9Gb3JtYXQiOiJqcGciLCJqcGVnIjp7InF1YWxpdHkiOjgwLCJjaHJvbWFTdWJzYW1wbGluZyI6IjQ6NDo0In0sInJlc2l6ZSI6eyJ3aWR0aCI6MzE2LCJoZWlnaHQiOjQ3NH19fQ==
New Super Mario Bros.,https://ggapp.io/games/JuoUtK/new-super-mario-bros,https://d2d2z3qzqjizpf.cloudfront.net/eyJidWNrZXQiOiJnZ2FwcCIsImtleSI6Im1lZGlhL2dhbWVzL0p1b1V0Sy8yNGRhNDdjOC1hM2M0LTQzNjUtOWI0OS01ZmM0Y2IyMDVhNmEucG5nIiwiZWRpdHMiOnsidG9Gb3JtYXQiOiJqcGciLCJqcGVnIjp7InF1YWxpdHkiOjgwLCJjaHJvbWFTdWJzYW1wbGluZyI6IjQ6NDo0In0sInJlc2l6ZSI6eyJ3aWR0aCI6MzE2LCJoZWlnaHQiOjQ3NH19fQ==
Super Mario Bros. 3,https://ggapp.io/games/cPJZB9/super-mario-bros-3,https://d2d2z3qzqjizpf.cloudfront.net/eyJidWNrZXQiOiJnZ2FwcCIsImtleSI6Im1lZGlhL2dhbWVzL2NQSlpCOS9iYzM2MDRkNi0zMzJmLTRiZWEtYWNlOS1kYTk2YWY4NDEzYjUucG5nIiwiZWRpdHMiOnsidG9Gb3JtYXQiOiJqcGciLCJqcGVnIjp7InF1YWxpdHkiOjgwLCJjaHJvbWFTdWJzYW1wbGluZyI6IjQ6NDo0In0sInJlc2l6ZSI6eyJ3aWR0aCI6MzE2LCJoZWlnaHQiOjQ3NH19fQ==
Super Mario Bros.,https://ggapp.io/games/vvNjgv/super-mario-bros,https://d2d2z3qzqjizpf.cloudfront.net/eyJidWNrZXQiOiJnZ2FwcCIsImtleSI6Im1lZGlhL2dhbWVzL3Z2Tmpndi9iNWQzMTI5MC1mNmFkLTQxNzQtOTNmYS0zODhiOTdiMjA5NGQucG5nIiwiZWRpdHMiOnsidG9Gb3JtYXQiOiJqcGciLCJqcGVnIjp7InF1YWxpdHkiOjgwLCJjaHJvbWFTdWJzYW1wbGluZyI6IjQ6NDo0In0sInJlc2l6ZSI6eyJ3aWR0aCI6MzE2LCJoZWlnaHQiOjQ3NH19fQ==
Super Mario World,https://ggapp.io/games/4RJjAs/super-mario-world,https://d2d2z3qzqjizpf.cloudfront.net/eyJidWNrZXQiOiJnZ2FwcCIsImtleSI6Im1lZGlhL2dhbWVzLzRSSmpBcy8zNjA3ZTg0Yy02ZDlmLTQ1OWMtOWYyNy04NzRiNDdhOTMxNGYucG5nIiwiZWRpdHMiOnsidG9Gb3JtYXQiOiJqcGciLCJqcGVnIjp7InF1YWxpdHkiOjgwLCJjaHJvbWFTdWJzYW1wbGluZyI6IjQ6NDo0In0sInJlc2l6ZSI6eyJ3aWR0aCI6MzE2LCJoZWlnaHQiOjQ3NH19fQ==
Deus Ex: Mankind Divided,https://ggapp.io/games/2lvCS2/deus-ex-mankind-divided,https://d2d2z3qzqjizpf.cloudfront.net/eyJidWNrZXQiOiJnZ2FwcCIsImtleSI6Im1lZGlhL2dhbWVzLzJsdkNTMi82NWJmNjU4MS1jOTcwLTRjYzMtYWE1My1iY2E0Yzc5MWYxMzQuanBnIiwiZWRpdHMiOnsidG9Gb3JtYXQiOiJqcGciLCJqcGVnIjp7InF1YWxpdHkiOjgwLCJjaHJvbWFTdWJzYW1wbGluZyI6IjQ6NDo0In0sInJlc2l6ZSI6eyJ3aWR0aCI6MzE2LCJoZWlnaHQiOjQ3NH19fQ==
Deus Ex: Human Revolution,https://ggapp.io/games/HahiHI/deus-ex-human-revolution,https://d2d2z3qzqjizpf.cloudfront.net/eyJidWNrZXQiOiJnZ2FwcCIsImtleSI6Im1lZGlhL2dhbWVzL0hhaGlISS85ODdjMDc2NS04ZThmLTRiOTMtOTQzYS1mODZmZjhlNGY4ZTgucG5nIiwiZWRpdHMiOnsidG9Gb3JtYXQiOiJqcGciLCJqcGVnIjp7InF1YWxpdHkiOjgwLCJjaHJvbWFTdWJzYW1wbGluZyI6IjQ6NDo0In0sInJlc2l6ZSI6eyJ3aWR0aCI6MzE2LCJoZWlnaHQiOjQ3NH19fQ==
Prince of Persia: The Two Thrones™,https://ggapp.io/games/EhkYq0/prince-of-persia-the-two-thrones-tm,https://d2d2z3qzqjizpf.cloudfront.net/eyJidWNrZXQiOiJnZ2FwcCIsImtleSI6Im1lZGlhL2dhbWVzL0Voa1lxMC9mNzMzNzVjNS02MGJjLTQyMjAtOTBiZS04MjdjMzBkMmIzYjIucG5nIiwiZWRpdHMiOnsidG9Gb3JtYXQiOiJqcGciLCJqcGVnIjp7InF1YWxpdHkiOjgwLCJjaHJvbWFTdWJzYW1wbGluZyI6IjQ6NDo0In0sInJlc2l6ZSI6eyJ3aWR0aCI6MzE2LCJoZWlnaHQiOjQ3NH19fQ==
Prince of Persia: The Forgotten Sands™,https://ggapp.io/games/2p5rHL/prince-of-persia-the-forgotten-sands-tm,https://d2d2z3qzqjizpf.cloudfront.net/eyJidWNrZXQiOiJnZ2FwcCIsImtleSI6Im1lZGlhL2dhbWVzLzJwNXJITC8xMThhM2M1Zi05NjhmLTQ4MjQtYWFjOC0yODc4YjRjZTU5NzAuanBnIiwiZWRpdHMiOnsidG9Gb3JtYXQiOiJqcGciLCJqcGVnIjp7InF1YWxpdHkiOjgwLCJjaHJvbWFTdWJzYW1wbGluZyI6IjQ6NDo0In0sInJlc2l6ZSI6eyJ3aWR0aCI6MzE2LCJoZWlnaHQiOjQ3NH19fQ==
Castlevania: Dawn of Sorrow,https://ggapp.io/games/NvTjGy/castlevania-dawn-of-sorrow,https://d2d2z3qzqjizpf.cloudfront.net/eyJidWNrZXQiOiJnZ2FwcCIsImtleSI6Im1lZGlhL2dhbWVzL052VGpHeS8yYjBhNzdkNi0zZjgyLTQwZDAtYjg3ZC01NDgzYzhjNzVlZGIucG5nIiwiZWRpdHMiOnsidG9Gb3JtYXQiOiJqcGciLCJqcGVnIjp7InF1YWxpdHkiOjgwLCJjaHJvbWFTdWJzYW1wbGluZyI6IjQ6NDo0In0sInJlc2l6ZSI6eyJ3aWR0aCI6MzE2LCJoZWlnaHQiOjQ3NH19fQ==
Astral Chain,https://ggapp.io/games/UjgKhe/astral-chain,https://d2d2z3qzqjizpf.cloudfront.net/eyJidWNrZXQiOiJnZ2FwcCIsImtleSI6Im1lZGlhL2dhbWVzL1VqZ0toZS8zYTUyMmY2NC01MDU3LTRiMmMtOTc2NC1mMzg3YTQwYzk1MzQucG5nIiwiZWRpdHMiOnsidG9Gb3JtYXQiOiJqcGciLCJqcGVnIjp7InF1YWxpdHkiOjgwLCJjaHJvbWFTdWJzYW1wbGluZyI6IjQ6NDo0In0sInJlc2l6ZSI6eyJ3aWR0aCI6MzE2LCJoZWlnaHQiOjQ3NH19fQ==
Metal Gear Solid 4: Guns of the Patriots,https://ggapp.io/games/Plcu44/metal-gear-solid-4-guns-of-the-patriots,https://d2d2z3qzqjizpf.cloudfront.net/eyJidWNrZXQiOiJnZ2FwcCIsImtleSI6Im1lZGlhL2dhbWVzL1BsY3U0NC8zM2ExZjk2MS00MTU1LTQ2MDUtYWFjZS1mN2U1N2Q4ZTQ1MzQucG5nIiwiZWRpdHMiOnsidG9Gb3JtYXQiOiJqcGciLCJqcGVnIjp7InF1YWxpdHkiOjgwLCJjaHJvbWFTdWJzYW1wbGluZyI6IjQ6NDo0In0sInJlc2l6ZSI6eyJ3aWR0aCI6MzE2LCJoZWlnaHQiOjQ3NH19fQ==
Metal Gear Solid 2: Sons of Liberty,https://ggapp.io/games/PNiDMC/metal-gear-solid-2-sons-of-liberty,https://d2d2z3qzqjizpf.cloudfront.net/eyJidWNrZXQiOiJnZ2FwcCIsImtleSI6Im1lZGlhL2dhbWVzL1BOaURNQy9mOGEwZTQ4MS0yMmMyLTRjNzUtYmI4OC0yYTdlYzZkMTJhMTAucG5nIiwiZWRpdHMiOnsidG9Gb3JtYXQiOiJqcGciLCJqcGVnIjp7InF1YWxpdHkiOjgwLCJjaHJvbWFTdWJzYW1wbGluZyI6IjQ6NDo0In0sInJlc2l6ZSI6eyJ3aWR0aCI6MzE2LCJoZWlnaHQiOjQ3NH19fQ==
Metal Gear Rising: Revengeance,https://ggapp.io/games/lWhRWs/metal-gear-rising-revengeance,https://d2d2z3qzqjizpf.cloudfront.net/eyJidWNrZXQiOiJnZ2FwcCIsImtleSI6Im1lZGlhL2dhbWVzL2xXaFJXcy82ODczYzYzOC1jZjRmLTQ3MzEtOWJjZS0wMWE0NDQyMTk3MmYucG5nIiwiZWRpdHMiOnsidG9Gb3JtYXQiOiJqcGciLCJqcGVnIjp7InF1YWxpdHkiOjgwLCJjaHJvbWFTdWJzYW1wbGluZyI6IjQ6NDo0In0sInJlc2l6ZSI6eyJ3aWR0aCI6MzE2LCJoZWlnaHQiOjQ3NH19fQ==
Metal Gear Solid,https://ggapp.io/games/3OvtWg/metal-gear-solid,https://d2d2z3qzqjizpf.cloudfront.net/eyJidWNrZXQiOiJnZ2FwcCIsImtleSI6Im1lZGlhL2dhbWVzLzNPdnRXZy82Zjg4ZjllNC1mMTI1LTQ5YmMtYmMyNi1iMGE2NTZjYWFhZTAuanBnIiwiZWRpdHMiOnsidG9Gb3JtYXQiOiJqcGciLCJqcGVnIjp7InF1YWxpdHkiOjgwLCJjaHJvbWFTdWJzYW1wbGluZyI6IjQ6NDo0In0sInJlc2l6ZSI6eyJ3aWR0aCI6MzE2LCJoZWlnaHQiOjQ3NH19fQ==
Tactics Ogre: Reborn,https://ggapp.io/games/za1Jwe/tactics-ogre-reborn,https://d2d2z3qzqjizpf.cloudfront.net/eyJidWNrZXQiOiJnZ2FwcCIsImtleSI6Im1lZGlhL2dhbWVzL3phMUp3ZS8wMDBlNTI5ZS1hNDEwLTRlM2YtOTU1Yy04NGY2OGZmNTk3NWIuanBnIiwiZWRpdHMiOnsidG9Gb3JtYXQiOiJqcGciLCJqcGVnIjp7InF1YWxpdHkiOjgwLCJjaHJvbWFTdWJzYW1wbGluZyI6IjQ6NDo0In0sInJlc2l6ZSI6eyJ3aWR0aCI6MzE2LCJoZWlnaHQiOjQ3NH19fQ==
Fire Emblem: Three Houses,https://ggapp.io/games/K6lDr7/fire-emblem-three-houses,https://d2d2z3qzqjizpf.cloudfront.net/eyJidWNrZXQiOiJnZ2FwcCIsImtleSI6Im1lZGlhL2dhbWVzL0s2bERyNy8xYTNkMWYwMi0wYTJmLTQ2Y2ItYTE0Yi0zZTcwNmJiMzg4NGYucG5nIiwiZWRpdHMiOnsidG9Gb3JtYXQiOiJqcGciLCJqcGVnIjp7InF1YWxpdHkiOjgwLCJjaHJvbWFTdWJzYW1wbGluZyI6IjQ6NDo0In0sInJlc2l6ZSI6eyJ3aWR0aCI6MzE2LCJoZWlnaHQiOjQ3NH19fQ==
Contra Anniversary Collection,https://ggapp.io/games/z9FUnR/contra-anniversary-collection,https://d2d2z3qzqjizpf.cloudfront.net/eyJidWNrZXQiOiJnZ2FwcCIsImtleSI6Im1lZGlhL2dhbWVzL3o5RlVuUi8zNTc2MjIyMS1lNDNiLTQ1YmMtYmQxNS1hZWJlYTY1NzA3MGIuanBnIiwiZWRpdHMiOnsidG9Gb3JtYXQiOiJqcGciLCJqcGVnIjp7InF1YWxpdHkiOjgwLCJjaHJvbWFTdWJzYW1wbGluZyI6IjQ6NDo0In0sInJlc2l6ZSI6eyJ3aWR0aCI6MzE2LCJoZWlnaHQiOjQ3NH19fQ==
Contra III: The Alien Wars,https://ggapp.io/games/A6wUp9/contra-iii-the-alien-wars,https://d2d2z3qzqjizpf.cloudfront.net/eyJidWNrZXQiOiJnZ2FwcCIsImtleSI6Im1lZGlhL2dhbWVzL0E2d1VwOS8yNGFkMDJjYS02MjBhLTQ5NWQtYTM3MC1kZGFlYTIwYTUxODEuanBnIiwiZWRpdHMiOnsidG9Gb3JtYXQiOiJqcGciLCJqcGVnIjp7InF1YWxpdHkiOjgwLCJjaHJvbWFTdWJzYW1wbGluZyI6IjQ6NDo0In0sInJlc2l6ZSI6eyJ3aWR0aCI6MzE2LCJoZWlnaHQiOjQ3NH19fQ==
Super Contra,https://ggapp.io/games/Pe7AiW/super-contra,https://d2d2z3qzqjizpf.cloudfront.net/eyJidWNrZXQiOiJnZ2FwcCIsImtleSI6Im1lZGlhL2dhbWVzL1BlN0FpVy85NzA4YzlkNy01YzA2LTRjYzMtYTk3NS05NWZkMWQwMDVjYzUuanBnIiwiZWRpdHMiOnsidG9Gb3JtYXQiOiJqcGciLCJqcGVnIjp7InF1YWxpdHkiOjgwLCJjaHJvbWFTdWJzYW1wbGluZyI6IjQ6NDo0In0sInJlc2l6ZSI6eyJ3aWR0aCI6MzE2LCJoZWlnaHQiOjQ3NH19fQ==
Contra,https://ggapp.io/games/GsGZcF/contra,https://d2d2z3qzqjizpf.cloudfront.net/eyJidWNrZXQiOiJnZ2FwcCIsImtleSI6Im1lZGlhL2dhbWVzL0dzR1pjRi8xYmE3YjVmZC1mNTAxLTQ3NzktYmY1Zi1iNTIxZWZiNjZmZjMucG5nIiwiZWRpdHMiOnsidG9Gb3JtYXQiOiJqcGciLCJqcGVnIjp7InF1YWxpdHkiOjgwLCJjaHJvbWFTdWJzYW1wbGluZyI6IjQ6NDo0In0sInJlc2l6ZSI6eyJ3aWR0aCI6MzE2LCJoZWlnaHQiOjQ3NH19fQ==
Luigi's Mansion 3,https://ggapp.io/games/AyBL23/luigis-mansion-3,https://d2d2z3qzqjizpf.cloudfront.net/eyJidWNrZXQiOiJnZ2FwcCIsImtleSI6Im1lZGlhL2dhbWVzL0F5QkwyMy84OGYzOGNmMi05NjkyLTQ0YWQtOWE1ZS02Mjg5MmViNjkxZDEucG5nIiwiZWRpdHMiOnsidG9Gb3JtYXQiOiJqcGciLCJqcGVnIjp7InF1YWxpdHkiOjgwLCJjaHJvbWFTdWJzYW1wbGluZyI6IjQ6NDo0In0sInJlc2l6ZSI6eyJ3aWR0aCI6MzE2LCJoZWlnaHQiOjQ3NH19fQ==
Stray,https://ggapp.io/games/iZpzi7/stray,https://d2d2z3qzqjizpf.cloudfront.net/eyJidWNrZXQiOiJnZ2FwcCIsImtleSI6Im1lZGlhL2dhbWVzL2lacHppNy81OTM4NjA4ZS03MWU3LTRhMzEtYTI2MS05MjM5MTIxMDkzNzEucG5nIiwiZWRpdHMiOnsidG9Gb3JtYXQiOiJqcGciLCJqcGVnIjp7InF1YWxpdHkiOjgwLCJjaHJvbWFTdWJzYW1wbGluZyI6IjQ6NDo0In0sInJlc2l6ZSI6eyJ3aWR0aCI6MzE2LCJoZWlnaHQiOjQ3NH19fQ==
Grapple Dog,https://ggapp.io/games/2lW2Nc/grapple-dog,https://d2d2z3qzqjizpf.cloudfront.net/eyJidWNrZXQiOiJnZ2FwcCIsImtleSI6Im1lZGlhL2dhbWVzLzJsVzJOYy9mZmM3ZDI4ZS05NzM3LTRlMzItYmUwNi1iY2JlNWE1ZjU1NTYucG5nIiwiZWRpdHMiOnsidG9Gb3JtYXQiOiJqcGciLCJqcGVnIjp7InF1YWxpdHkiOjgwLCJjaHJvbWFTdWJzYW1wbGluZyI6IjQ6NDo0In0sInJlc2l6ZSI6eyJ3aWR0aCI6MzE2LCJoZWlnaHQiOjQ3NH19fQ==
John Wick Hex,https://ggapp.io/games/tMjPbr/john-wick-hex,https://d2d2z3qzqjizpf.cloudfront.net/eyJidWNrZXQiOiJnZ2FwcCIsImtleSI6Im1lZGlhL2dhbWVzL3RNalBici80YjE1ZTc5ZS0wYWY0LTQwYmQtODNlZC04N2I4ZGI4NDI3ZTcuanBnIiwiZWRpdHMiOnsidG9Gb3JtYXQiOiJqcGciLCJqcGVnIjp7InF1YWxpdHkiOjgwLCJjaHJvbWFTdWJzYW1wbGluZyI6IjQ6NDo0In0sInJlc2l6ZSI6eyJ3aWR0aCI6MzE2LCJoZWlnaHQiOjQ3NH19fQ==
Paper Mario: The Thousand-Year Door,https://ggapp.io/games/6IOdWT/paper-mario-the-thousand-year-door,https://d2d2z3qzqjizpf.cloudfront.net/eyJidWNrZXQiOiJnZ2FwcCIsImtleSI6Im1lZGlhL2dhbWVzLzZJT2RXVC9mNjNlZDZkMS03MjMxLTQzOWQtYjc2Yy1kMmE4MDRmNGU4MmYucG5nIiwiZWRpdHMiOnsidG9Gb3JtYXQiOiJqcGciLCJqcGVnIjp7InF1YWxpdHkiOjgwLCJjaHJvbWFTdWJzYW1wbGluZyI6IjQ6NDo0In0sInJlc2l6ZSI6eyJ3aWR0aCI6MzE2LCJoZWlnaHQiOjQ3NH19fQ==
Paper Mario: The Thousand-Year Door,https://ggapp.io/games/hm44Vd/paper-mario-the-thousand-year-door,https://d2d2z3qzqjizpf.cloudfront.net/eyJidWNrZXQiOiJnZ2FwcCIsImtleSI6Im1lZGlhL2dhbWVzL2htNDRWZC9mZGE0NmY0YS0zMzY5LTQxMjctOTM4Yi1lNTVhN2ZjYjI3ZjQucG5nIiwiZWRpdHMiOnsidG9Gb3JtYXQiOiJqcGciLCJqcGVnIjp7InF1YWxpdHkiOjgwLCJjaHJvbWFTdWJzYW1wbGluZyI6IjQ6NDo0In0sInJlc2l6ZSI6eyJ3aWR0aCI6MzE2LCJoZWlnaHQiOjQ3NH19fQ==
The Quarry,https://ggapp.io/games/grwvYw/the-quarry,https://d2d2z3qzqjizpf.cloudfront.net/eyJidWNrZXQiOiJnZ2FwcCIsImtleSI6Im1lZGlhL2dhbWVzL2dyd3ZZdy8yZGNkMmZkNi1jOWY4LTQzOTYtOTU4ZC0xNDE3YzNiODFmYTMuanBnIiwiZWRpdHMiOnsidG9Gb3JtYXQiOiJqcGciLCJqcGVnIjp7InF1YWxpdHkiOjgwLCJjaHJvbWFTdWJzYW1wbGluZyI6IjQ6NDo0In0sInJlc2l6ZSI6eyJ3aWR0aCI6MzE2LCJoZWlnaHQiOjQ3NH19fQ==
Star Wars Jedi: Survivor,https://ggapp.io/games/4ZHpEx/star-wars-jedi-survivor,https://d2d2z3qzqjizpf.cloudfront.net/eyJidWNrZXQiOiJnZ2FwcCIsImtleSI6Im1lZGlhL2dhbWVzLzRaSHBFeC80NmUxOGIzNy0xZTNiLTQ5MDYtODRmOC1hZDcyNTg0MTI0OGMuanBnIiwiZWRpdHMiOnsidG9Gb3JtYXQiOiJqcGciLCJqcGVnIjp7InF1YWxpdHkiOjgwLCJjaHJvbWFTdWJzYW1wbGluZyI6IjQ6NDo0In0sInJlc2l6ZSI6eyJ3aWR0aCI6MzE2LCJoZWlnaHQiOjQ3NH19fQ==
Senua's Saga: Hellblade II,https://ggapp.io/games/y8PKZB/senuas-saga-hellblade-ii,https://d2d2z3qzqjizpf.cloudfront.net/eyJidWNrZXQiOiJnZ2FwcCIsImtleSI6Im1lZGlhL2dhbWVzL3k4UEtaQi9jZWU3ZDA5OS02YmJjLTRmZjgtYjM2YS1lNWFmZGJhNzk0ZTcuanBnIiwiZWRpdHMiOnsidG9Gb3JtYXQiOiJqcGciLCJqcGVnIjp7InF1YWxpdHkiOjgwLCJjaHJvbWFTdWJzYW1wbGluZyI6IjQ6NDo0In0sInJlc2l6ZSI6eyJ3aWR0aCI6MzE2LCJoZWlnaHQiOjQ3NH19fQ==
Florence,https://ggapp.io/games/rMSkwG/florence,https://d2d2z3qzqjizpf.cloudfront.net/eyJidWNrZXQiOiJnZ2FwcCIsImtleSI6Im1lZGlhL2dhbWVzL3JNU2t3Ry80ZDY3MzdiZC1jZWIwLTRjNzItYjI3Ni1iMzI1MWZjZGQ4OWIuanBnIiwiZWRpdHMiOnsidG9Gb3JtYXQiOiJqcGciLCJqcGVnIjp7InF1YWxpdHkiOjgwLCJjaHJvbWFTdWJzYW1wbGluZyI6IjQ6NDo0In0sInJlc2l6ZSI6eyJ3aWR0aCI6MzE2LCJoZWlnaHQiOjQ3NH19fQ==
South Park™: The Stick of Truth™,https://ggapp.io/games/wzU3RP/south-park-tm-the-stick-of-truth-tm,https://d2d2z3qzqjizpf.cloudfront.net/eyJidWNrZXQiOiJnZ2FwcCIsImtleSI6Im1lZGlhL2dhbWVzL3d6VTNSUC85NjdmZGVhNS0xZjU5LTQyZDQtOGZhMS1hZTY3YTBmNjJmNjEuanBnIiwiZWRpdHMiOnsidG9Gb3JtYXQiOiJqcGciLCJqcGVnIjp7InF1YWxpdHkiOjgwLCJjaHJvbWFTdWJzYW1wbGluZyI6IjQ6NDo0In0sInJlc2l6ZSI6eyJ3aWR0aCI6MzE2LCJoZWlnaHQiOjQ3NH19fQ==
Katana ZERO,https://ggapp.io/games/TRmbgU/katana-zero,https://d2d2z3qzqjizpf.cloudfront.net/eyJidWNrZXQiOiJnZ2FwcCIsImtleSI6Im1lZGlhL2dhbWVzL1RSbWJnVS80ODM3OTlkNC0zODhlLTQyZWMtODcxMy1iM2Y5YzhiOTI1ZjkuanBnIiwiZWRpdHMiOnsidG9Gb3JtYXQiOiJqcGciLCJqcGVnIjp7InF1YWxpdHkiOjgwLCJjaHJvbWFTdWJzYW1wbGluZyI6IjQ6NDo0In0sInJlc2l6ZSI6eyJ3aWR0aCI6MzE2LCJoZWlnaHQiOjQ3NH19fQ==
Advance Wars: 1+2 Re-Boot Camp,https://ggapp.io/games/6Ugtez/advance-wars-1-2-re-boot-camp,https://d2d2z3qzqjizpf.cloudfront.net/eyJidWNrZXQiOiJnZ2FwcCIsImtleSI6Im1lZGlhL2dhbWVzLzZVZ3Rlei9hNzhkYjMyZi05YzNjLTRjY2EtODBjNC0zNWE2OWE1NzU4YTUucG5nIiwiZWRpdHMiOnsidG9Gb3JtYXQiOiJqcGciLCJqcGVnIjp7InF1YWxpdHkiOjgwLCJjaHJvbWFTdWJzYW1wbGluZyI6IjQ6NDo0In0sInJlc2l6ZSI6eyJ3aWR0aCI6MzE2LCJoZWlnaHQiOjQ3NH19fQ==
Metroid Prime Remastered,https://ggapp.io/games/iz6Kmd/metroid-prime-remastered,https://d2d2z3qzqjizpf.cloudfront.net/eyJidWNrZXQiOiJnZ2FwcCIsImtleSI6Im1lZGlhL2dhbWVzL2l6NkttZC83MjAwZTdiMS0xM2FhLTQxNTctYTM1NS01Yzc5MTZjNTJmMDIucG5nIiwiZWRpdHMiOnsidG9Gb3JtYXQiOiJqcGciLCJqcGVnIjp7InF1YWxpdHkiOjgwLCJjaHJvbWFTdWJzYW1wbGluZyI6IjQ6NDo0In0sInJlc2l6ZSI6eyJ3aWR0aCI6MzE2LCJoZWlnaHQiOjQ3NH19fQ==
Metroid Prime,https://ggapp.io/games/UoMqVt/metroid-prime,https://d2d2z3qzqjizpf.cloudfront.net/eyJidWNrZXQiOiJnZ2FwcCIsImtleSI6Im1lZGlhL2dhbWVzL1VvTXFWdC9hMGU1YmJmNy04MTJiLTRhN2UtOWViYS0yZWQyN2JmYTAzOWQucG5nIiwiZWRpdHMiOnsidG9Gb3JtYXQiOiJqcGciLCJqcGVnIjp7InF1YWxpdHkiOjgwLCJjaHJvbWFTdWJzYW1wbGluZyI6IjQ6NDo0In0sInJlc2l6ZSI6eyJ3aWR0aCI6MzE2LCJoZWlnaHQiOjQ3NH19fQ==
Gears of War 4,https://ggapp.io/games/9UptTR/gears-of-war-4,https://d2d2z3qzqjizpf.cloudfront.net/eyJidWNrZXQiOiJnZ2FwcCIsImtleSI6Im1lZGlhL2dhbWVzLzlVcHRUUi9hN2VhNTYxNS0wOTI2LTRkYzEtOWU3Zi1kODFmNTVmZjIwMzkucG5nIiwiZWRpdHMiOnsidG9Gb3JtYXQiOiJqcGciLCJqcGVnIjp7InF1YWxpdHkiOjgwLCJjaHJvbWFTdWJzYW1wbGluZyI6IjQ6NDo0In0sInJlc2l6ZSI6eyJ3aWR0aCI6MzE2LCJoZWlnaHQiOjQ3NH19fQ==
Resident Evil 4,https://ggapp.io/games/pIIEes/resident-evil-4,https://d2d2z3qzqjizpf.cloudfront.net/eyJidWNrZXQiOiJnZ2FwcCIsImtleSI6Im1lZGlhL2dhbWVzL3BJSUVlcy83ODFiZWQ2Ny04MmFhLTRjOGEtOGNkYy0wM2ZmMDk0ZWY2YTYuanBnIiwiZWRpdHMiOnsidG9Gb3JtYXQiOiJqcGciLCJqcGVnIjp7InF1YWxpdHkiOjgwLCJjaHJvbWFTdWJzYW1wbGluZyI6IjQ6NDo0In0sInJlc2l6ZSI6eyJ3aWR0aCI6MzE2LCJoZWlnaHQiOjQ3NH19fQ==
DEATH STRANDING DIRECTOR'S CUT,https://ggapp.io/games/g3quVb/death-stranding-directors-cut,https://d2d2z3qzqjizpf.cloudfront.net/eyJidWNrZXQiOiJnZ2FwcCIsImtleSI6Im1lZGlhL2dhbWVzL2czcXVWYi9lNGMzOTYxYi1hMzJlLTQ5YWMtYTc3OC05ZGM2ZTkyOGE3MzQuanBnIiwiZWRpdHMiOnsidG9Gb3JtYXQiOiJqcGciLCJqcGVnIjp7InF1YWxpdHkiOjgwLCJjaHJvbWFTdWJzYW1wbGluZyI6IjQ6NDo0In0sInJlc2l6ZSI6eyJ3aWR0aCI6MzE2LCJoZWlnaHQiOjQ3NH19fQ==
DEATH STRANDING,https://ggapp.io/games/9XbvEe/death-stranding,https://d2d2z3qzqjizpf.cloudfront.net/eyJidWNrZXQiOiJnZ2FwcCIsImtleSI6Im1lZGlhL2dhbWVzLzlYYnZFZS80MTFlZWI1NC0yNGNkLTRlMjktOWFiMy1hNjdiNzJkMDVhNDYuanBnIiwiZWRpdHMiOnsidG9Gb3JtYXQiOiJqcGciLCJqcGVnIjp7InF1YWxpdHkiOjgwLCJjaHJvbWFTdWJzYW1wbGluZyI6IjQ6NDo0In0sInJlc2l6ZSI6eyJ3aWR0aCI6MzE2LCJoZWlnaHQiOjQ3NH19fQ==
Dead Space,https://ggapp.io/games/J6GwZW/dead-space,https://d2d2z3qzqjizpf.cloudfront.net/eyJidWNrZXQiOiJnZ2FwcCIsImtleSI6Im1lZGlhL2dhbWVzL0o2R3daVy9hOWQwMmZjNC1kN2Q0LTRlZjEtYWUwZC02OTljMzM4NTI1YzYuanBnIiwiZWRpdHMiOnsidG9Gb3JtYXQiOiJqcGciLCJqcGVnIjp7InF1YWxpdHkiOjgwLCJjaHJvbWFTdWJzYW1wbGluZyI6IjQ6NDo0In0sInJlc2l6ZSI6eyJ3aWR0aCI6MzE2LCJoZWlnaHQiOjQ3NH19fQ==
FINAL FANTASY® XIII-2,https://ggapp.io/games/qOzanF/final-fantasy-r-xiii-2,https://d2d2z3qzqjizpf.cloudfront.net/eyJidWNrZXQiOiJnZ2FwcCIsImtleSI6Im1lZGlhL2dhbWVzL3FPemFuRi9hODRjMDJhYS1kZjdmLTQ2Y2MtYjE2ZC1lYWM0MmU4NDVkNjUucG5nIiwiZWRpdHMiOnsidG9Gb3JtYXQiOiJqcGciLCJqcGVnIjp7InF1YWxpdHkiOjgwLCJjaHJvbWFTdWJzYW1wbGluZyI6IjQ6NDo0In0sInJlc2l6ZSI6eyJ3aWR0aCI6MzE2LCJoZWlnaHQiOjQ3NH19fQ==
Baten Kaitos I & II HD Remaster,https://ggapp.io/games/TSbkOS/baten-kaitos-i-ii-hd-remaster,https://d2d2z3qzqjizpf.cloudfront.net/eyJidWNrZXQiOiJnZ2FwcCIsImtleSI6Im1lZGlhL2dhbWVzL1RTYmtPUy8xNjU3MTUzMi04NjlkLTRkZjUtYmQxNi1hNTA5MGIxYTliOTYuanBlZyIsImVkaXRzIjp7InRvRm9ybWF0IjoianBnIiwianBlZyI6eyJxdWFsaXR5Ijo4MCwiY2hyb21hU3Vic2FtcGxpbmciOiI0OjQ6NCJ9LCJyZXNpemUiOnsid2lkdGgiOjMxNiwiaGVpZ2h0Ijo0NzR9fX0=
Baten Kaitos Origins,https://ggapp.io/games/0F2UQI/baten-kaitos-origins,https://d2d2z3qzqjizpf.cloudfront.net/eyJidWNrZXQiOiJnZ2FwcCIsImtleSI6Im1lZGlhL2dhbWVzLzBGMlVRSS84YjM1YWYwNy04YWM1LTRlN2ItYTYxYy1mOTRlNzU1NzVmYmQucG5nIiwiZWRpdHMiOnsidG9Gb3JtYXQiOiJqcGciLCJqcGVnIjp7InF1YWxpdHkiOjgwLCJjaHJvbWFTdWJzYW1wbGluZyI6IjQ6NDo0In0sInJlc2l6ZSI6eyJ3aWR0aCI6MzE2LCJoZWlnaHQiOjQ3NH19fQ==
Baten Kaitos: Eternal Wings and the Lost Ocean,https://ggapp.io/games/jGP7s5/baten-kaitos-eternal-wings-and-the-lost-ocean,https://d2d2z3qzqjizpf.cloudfront.net/eyJidWNrZXQiOiJnZ2FwcCIsImtleSI6Im1lZGlhL2dhbWVzL2pHUDdzNS8xMmQyMGI4OS1iZTVlLTRmYjEtYmM4Ny1jMGM0YmNhMzExZDUucG5nIiwiZWRpdHMiOnsidG9Gb3JtYXQiOiJqcGciLCJqcGVnIjp7InF1YWxpdHkiOjgwLCJjaHJvbWFTdWJzYW1wbGluZyI6IjQ6NDo0In0sInJlc2l6ZSI6eyJ3aWR0aCI6MzE2LCJoZWlnaHQiOjQ3NH19fQ==
Pikmin 4,https://ggapp.io/games/c7MU6b/pikmin-4,https://d2d2z3qzqjizpf.cloudfront.net/eyJidWNrZXQiOiJnZ2FwcCIsImtleSI6Im1lZGlhL2dhbWVzL2M3TVU2Yi82OTI5OGU1My01ZjdiLTQ0ZGItYjc3ZS03NTc0ZTk4MmMxY2IucG5nIiwiZWRpdHMiOnsidG9Gb3JtYXQiOiJqcGciLCJqcGVnIjp7InF1YWxpdHkiOjgwLCJjaHJvbWFTdWJzYW1wbGluZyI6IjQ6NDo0In0sInJlc2l6ZSI6eyJ3aWR0aCI6MzE2LCJoZWlnaHQiOjQ3NH19fQ==
Super Mario RPG,https://ggapp.io/games/ZY48UF/super-mario-rpg,https://d2d2z3qzqjizpf.cloudfront.net/eyJidWNrZXQiOiJnZ2FwcCIsImtleSI6Im1lZGlhL2dhbWVzL1pZNDhVRi82Njk5MmRkZS05ZWNjLTQ4MWEtYWJhNC03MTkzZDBjZGNlM2EuSlBFRyIsImVkaXRzIjp7InRvRm9ybWF0IjoianBnIiwianBlZyI6eyJxdWFsaXR5Ijo4MCwiY2hyb21hU3Vic2FtcGxpbmciOiI0OjQ6NCJ9LCJyZXNpemUiOnsid2lkdGgiOjMxNiwiaGVpZ2h0Ijo0NzR9fX0=
Bayonetta 3,https://ggapp.io/games/0A7Irr/bayonetta-3,https://d2d2z3qzqjizpf.cloudfront.net/eyJidWNrZXQiOiJnZ2FwcCIsImtleSI6Im1lZGlhL2dhbWVzLzBBN0lyci85MWUxY2M3ZC03Mjg1LTQwMjktYTJmZC1lOWVkMjQ1M2U4ZGMuanBnIiwiZWRpdHMiOnsidG9Gb3JtYXQiOiJqcGciLCJqcGVnIjp7InF1YWxpdHkiOjgwLCJjaHJvbWFTdWJzYW1wbGluZyI6IjQ6NDo0In0sInJlc2l6ZSI6eyJ3aWR0aCI6MzE2LCJoZWlnaHQiOjQ3NH19fQ==
Shin Megami Tensei V,https://ggapp.io/games/tLl9if/shin-megami-tensei-v,https://d2d2z3qzqjizpf.cloudfront.net/eyJidWNrZXQiOiJnZ2FwcCIsImtleSI6Im1lZGlhL2dhbWVzL3RMbDlpZi82ZTg0NGViMi02MzM2LTRhYjYtOTZjYi1hNDUzZjFhODMwMzcucG5nIiwiZWRpdHMiOnsidG9Gb3JtYXQiOiJqcGciLCJqcGVnIjp7InF1YWxpdHkiOjgwLCJjaHJvbWFTdWJzYW1wbGluZyI6IjQ6NDo0In0sInJlc2l6ZSI6eyJ3aWR0aCI6MzE2LCJoZWlnaHQiOjQ3NH19fQ==
Vanquish,https://ggapp.io/games/fvdDFD/vanquish,https://d2d2z3qzqjizpf.cloudfront.net/eyJidWNrZXQiOiJnZ2FwcCIsImtleSI6Im1lZGlhL2dhbWVzL2Z2ZERGRC8zNzBjZTA0ZC1jYzU1LTQwYzktYWVmNy03ODE2MjM4MzJiMTcuanBnIiwiZWRpdHMiOnsidG9Gb3JtYXQiOiJqcGciLCJqcGVnIjp7InF1YWxpdHkiOjgwLCJjaHJvbWFTdWJzYW1wbGluZyI6IjQ6NDo0In0sInJlc2l6ZSI6eyJ3aWR0aCI6MzE2LCJoZWlnaHQiOjQ3NH19fQ==
Ni no Kuni: Wrath of the White Witch,https://ggapp.io/games/sDEUvc/ni-no-kuni-wrath-of-the-white-witch,https://d2d2z3qzqjizpf.cloudfront.net/eyJidWNrZXQiOiJnZ2FwcCIsImtleSI6Im1lZGlhL2dhbWVzL3NERVV2Yy8yOWM2NGMzNC05ZmNmLTQ0MTAtOGRkNC0wYzUzNTM5YTNkZTkucG5nIiwiZWRpdHMiOnsidG9Gb3JtYXQiOiJqcGciLCJqcGVnIjp7InF1YWxpdHkiOjgwLCJjaHJvbWFTdWJzYW1wbGluZyI6IjQ6NDo0In0sInJlc2l6ZSI6eyJ3aWR0aCI6MzE2LCJoZWlnaHQiOjQ3NH19fQ==
Batman: Arkham Asylum,https://ggapp.io/games/6kI1K3/batman-arkham-asylum,https://d2d2z3qzqjizpf.cloudfront.net/eyJidWNrZXQiOiJnZ2FwcCIsImtleSI6Im1lZGlhL2dhbWVzLzZrSTFLMy9iYjBhNDUyOS1jMDkwLTQ3OTUtYThlNC1iZTVlNmIxOWRiYTAuanBnIiwiZWRpdHMiOnsidG9Gb3JtYXQiOiJqcGciLCJqcGVnIjp7InF1YWxpdHkiOjgwLCJjaHJvbWFTdWJzYW1wbGluZyI6IjQ6NDo0In0sInJlc2l6ZSI6eyJ3aWR0aCI6MzE2LCJoZWlnaHQiOjQ3NH19fQ==
The Legend of Zelda: Link's Awakening,https://ggapp.io/games/z4XEsQ/the-legend-of-zelda-links-awakening,https://d2d2z3qzqjizpf.cloudfront.net/eyJidWNrZXQiOiJnZ2FwcCIsImtleSI6Im1lZGlhL2dhbWVzL3o0WEVzUS83MjNhMDg1Yy03YjBjLTRmMzMtYjBjMy04N2Q5YjFkNjI4NGQucG5nIiwiZWRpdHMiOnsidG9Gb3JtYXQiOiJqcGciLCJqcGVnIjp7InF1YWxpdHkiOjgwLCJjaHJvbWFTdWJzYW1wbGluZyI6IjQ6NDo0In0sInJlc2l6ZSI6eyJ3aWR0aCI6MzE2LCJoZWlnaHQiOjQ3NH19fQ==
Castlevania: Circle of the Moon,https://ggapp.io/games/Q9ju74/castlevania-circle-of-the-moon,https://d2d2z3qzqjizpf.cloudfront.net/eyJidWNrZXQiOiJnZ2FwcCIsImtleSI6Im1lZGlhL2dhbWVzL1E5anU3NC9mMDE1N2JkOS00MzM1LTQwMGEtOTlhYy1hYzU1MzNlNmFjY2UucG5nIiwiZWRpdHMiOnsidG9Gb3JtYXQiOiJqcGciLCJqcGVnIjp7InF1YWxpdHkiOjgwLCJjaHJvbWFTdWJzYW1wbGluZyI6IjQ6NDo0In0sInJlc2l6ZSI6eyJ3aWR0aCI6MzE2LCJoZWlnaHQiOjQ3NH19fQ==
Castlevania: Harmony of Dissonance,https://ggapp.io/games/P2l0cY/castlevania-harmony-of-dissonance,https://d2d2z3qzqjizpf.cloudfront.net/eyJidWNrZXQiOiJnZ2FwcCIsImtleSI6Im1lZGlhL2dhbWVzL1AybDBjWS8xZjVjYzJjOS1kMTFmLTQzYjUtOGNkMS1kZmQ5M2M4MmVjODcucG5nIiwiZWRpdHMiOnsidG9Gb3JtYXQiOiJqcGciLCJqcGVnIjp7InF1YWxpdHkiOjgwLCJjaHJvbWFTdWJzYW1wbGluZyI6IjQ6NDo0In0sInJlc2l6ZSI6eyJ3aWR0aCI6MzE2LCJoZWlnaHQiOjQ3NH19fQ==
The Banner Saga 3,https://ggapp.io/games/iYA7CC/the-banner-saga-3,https://d2d2z3qzqjizpf.cloudfront.net/eyJidWNrZXQiOiJnZ2FwcCIsImtleSI6Im1lZGlhL2dhbWVzL2lZQTdDQy9hYTNmMjBkYS1mOTcyLTQ3ZTQtODFmZS0wM2UyZmZjNWJjNWYuanBnIiwiZWRpdHMiOnsidG9Gb3JtYXQiOiJqcGciLCJqcGVnIjp7InF1YWxpdHkiOjgwLCJjaHJvbWFTdWJzYW1wbGluZyI6IjQ6NDo0In0sInJlc2l6ZSI6eyJ3aWR0aCI6MzE2LCJoZWlnaHQiOjQ3NH19fQ==
The Banner Saga 2,https://ggapp.io/games/IKYawu/the-banner-saga-2,https://d2d2z3qzqjizpf.cloudfront.net/eyJidWNrZXQiOiJnZ2FwcCIsImtleSI6Im1lZGlhL2dhbWVzL0lLWWF3dS9lZDg4NzE1ZS02NzA0LTQ2N2EtYTczZS1hMDBhZTQ3YjI4YzAuanBnIiwiZWRpdHMiOnsidG9Gb3JtYXQiOiJqcGciLCJqcGVnIjp7InF1YWxpdHkiOjgwLCJjaHJvbWFTdWJzYW1wbGluZyI6IjQ6NDo0In0sInJlc2l6ZSI6eyJ3aWR0aCI6MzE2LCJoZWlnaHQiOjQ3NH19fQ==
The Banner Saga,https://ggapp.io/games/COEcWj/the-banner-saga,https://d2d2z3qzqjizpf.cloudfront.net/eyJidWNrZXQiOiJnZ2FwcCIsImtleSI6Im1lZGlhL2dhbWVzL0NPRWNXai9lY2E4MGRkNi1mYjE0LTRhYWUtOWI1Ni05NjM0ZTQ1OTQzYTIuanBnIiwiZWRpdHMiOnsidG9Gb3JtYXQiOiJqcGciLCJqcGVnIjp7InF1YWxpdHkiOjgwLCJjaHJvbWFTdWJzYW1wbGluZyI6IjQ6NDo0In0sInJlc2l6ZSI6eyJ3aWR0aCI6MzE2LCJoZWlnaHQiOjQ3NH19fQ==
Shovel Knight Dig,https://ggapp.io/games/M80Hkc/shovel-knight-dig,https://d2d2z3qzqjizpf.cloudfront.net/eyJidWNrZXQiOiJnZ2FwcCIsImtleSI6Im1lZGlhL2dhbWVzL004MEhrYy9iMWNiMTNmMy1iNGUyLTQ1NmItYmI2OS1iMzI0Y2JmODY2OWYucG5nIiwiZWRpdHMiOnsidG9Gb3JtYXQiOiJqcGciLCJqcGVnIjp7InF1YWxpdHkiOjgwLCJjaHJvbWFTdWJzYW1wbGluZyI6IjQ6NDo0In0sInJlc2l6ZSI6eyJ3aWR0aCI6MzE2LCJoZWlnaHQiOjQ3NH19fQ==
FRONT MISSION 1st: Remake,https://ggapp.io/games/vcL0tO/front-mission-1st-remake,https://d2d2z3qzqjizpf.cloudfront.net/eyJidWNrZXQiOiJnZ2FwcCIsImtleSI6Im1lZGlhL2dhbWVzL3ZjTDB0Ty8zYTdmNGQ0NC1jN2ZjLTQyMTMtODI4OS1hNDE2NjVhMWI2YmEucG5nIiwiZWRpdHMiOnsidG9Gb3JtYXQiOiJqcGciLCJqcGVnIjp7InF1YWxpdHkiOjgwLCJjaHJvbWFTdWJzYW1wbGluZyI6IjQ6NDo0In0sInJlc2l6ZSI6eyJ3aWR0aCI6MzE2LCJoZWlnaHQiOjQ3NH19fQ==
Dead or Alive 5,https://ggapp.io/games/0Ly9yo/dead-or-alive-5,https://d2d2z3qzqjizpf.cloudfront.net/eyJidWNrZXQiOiJnZ2FwcCIsImtleSI6Im1lZGlhL2dhbWVzLzBMeTl5by8xYmRhMjE2YS02MDIwLTQyNmUtYWQzYi1mZGJlNmNhZGEyODIucG5nIiwiZWRpdHMiOnsidG9Gb3JtYXQiOiJqcGciLCJqcGVnIjp7InF1YWxpdHkiOjgwLCJjaHJvbWFTdWJzYW1wbGluZyI6IjQ6NDo0In0sInJlc2l6ZSI6eyJ3aWR0aCI6MzE2LCJoZWlnaHQiOjQ3NH19fQ==
Injustice 2,https://ggapp.io/games/rz5O93/injustice-2,https://d2d2z3qzqjizpf.cloudfront.net/eyJidWNrZXQiOiJnZ2FwcCIsImtleSI6Im1lZGlhL2dhbWVzL3J6NU85My8zZjg2ZTRhMS02YWNlLTQ1MjYtYWE3Zi0wMGJhNzRjMzg0NTEucG5nIiwiZWRpdHMiOnsidG9Gb3JtYXQiOiJqcGciLCJqcGVnIjp7InF1YWxpdHkiOjgwLCJjaHJvbWFTdWJzYW1wbGluZyI6IjQ6NDo0In0sInJlc2l6ZSI6eyJ3aWR0aCI6MzE2LCJoZWlnaHQiOjQ3NH19fQ==
Mortal Kombat XL,https://ggapp.io/games/mZcTge/mortal-kombat-xl,https://d2d2z3qzqjizpf.cloudfront.net/eyJidWNrZXQiOiJnZ2FwcCIsImtleSI6Im1lZGlhL2dhbWVzL21aY1RnZS83NjVkYWVlZC02YTczLTRiZmYtODk1Ny1iNmQxNTY1MjgxYmMucG5nIiwiZWRpdHMiOnsidG9Gb3JtYXQiOiJqcGciLCJqcGVnIjp7InF1YWxpdHkiOjgwLCJjaHJvbWFTdWJzYW1wbGluZyI6IjQ6NDo0In0sInJlc2l6ZSI6eyJ3aWR0aCI6MzE2LCJoZWlnaHQiOjQ3NH19fQ==
Mortal Kombat X,https://ggapp.io/games/Qjlx0U/mortal-kombat-x,https://d2d2z3qzqjizpf.cloudfront.net/eyJidWNrZXQiOiJnZ2FwcCIsImtleSI6Im1lZGlhL2dhbWVzL1FqbHgwVS9iZWE4ZmFmNC1iOWE0LTQxY2UtOGFiYS01YmIzYjIzZTAzZTAuanBnIiwiZWRpdHMiOnsidG9Gb3JtYXQiOiJqcGciLCJqcGVnIjp7InF1YWxpdHkiOjgwLCJjaHJvbWFTdWJzYW1wbGluZyI6IjQ6NDo0In0sInJlc2l6ZSI6eyJ3aWR0aCI6MzE2LCJoZWlnaHQiOjQ3NH19fQ==
Rumble Roses XX,https://ggapp.io/games/z720RJ/rumble-roses-xx,https://d2d2z3qzqjizpf.cloudfront.net/eyJidWNrZXQiOiJnZ2FwcCIsImtleSI6Im1lZGlhL2dhbWVzL3o3MjBSSi9iZTAxOWMwNS0xOTM2LTQ0YmQtYjBjNS1kZTE3MzgyZDM5NzcucG5nIiwiZWRpdHMiOnsidG9Gb3JtYXQiOiJqcGciLCJqcGVnIjp7InF1YWxpdHkiOjgwLCJjaHJvbWFTdWJzYW1wbGluZyI6IjQ6NDo0In0sInJlc2l6ZSI6eyJ3aWR0aCI6MzE2LCJoZWlnaHQiOjQ3NH19fQ==
Injustice: Gods Among Us,https://ggapp.io/games/Fl0Gis/injustice-gods-among-us,https://d2d2z3qzqjizpf.cloudfront.net/eyJidWNrZXQiOiJnZ2FwcCIsImtleSI6Im1lZGlhL2dhbWVzL0ZsMEdpcy9kOGE1Zjk2OS02ZDY3LTRiZDAtOTc0NS04NGM0YmY4YzdjN2YucG5nIiwiZWRpdHMiOnsidG9Gb3JtYXQiOiJqcGciLCJqcGVnIjp7InF1YWxpdHkiOjgwLCJjaHJvbWFTdWJzYW1wbGluZyI6IjQ6NDo0In0sInJlc2l6ZSI6eyJ3aWR0aCI6MzE2LCJoZWlnaHQiOjQ3NH19fQ==
Pikmin 2,https://ggapp.io/games/IvG8Wg/pikmin-2,https://d2d2z3qzqjizpf.cloudfront.net/eyJidWNrZXQiOiJnZ2FwcCIsImtleSI6Im1lZGlhL2dhbWVzL0l2RzhXZy9jYTBkMjc3Yi1jMDZkLTQ5NTEtODg5Ny01MDk4ODhkMzM5ZmYucG5nIiwiZWRpdHMiOnsidG9Gb3JtYXQiOiJqcGciLCJqcGVnIjp7InF1YWxpdHkiOjgwLCJjaHJvbWFTdWJzYW1wbGluZyI6IjQ6NDo0In0sInJlc2l6ZSI6eyJ3aWR0aCI6MzE2LCJoZWlnaHQiOjQ3NH19fQ==
Mario + Rabbids Sparks of Hope,https://ggapp.io/games/75MddK/mario-rabbids-sparks-of-hope,https://d2d2z3qzqjizpf.cloudfront.net/eyJidWNrZXQiOiJnZ2FwcCIsImtleSI6Im1lZGlhL2dhbWVzLzc1TWRkSy9kMzViZjJlZS1iNDVkLTRhYTctOTIzNy1kOGJiYzE0ZGI2YTIucG5nIiwiZWRpdHMiOnsidG9Gb3JtYXQiOiJqcGciLCJqcGVnIjp7InF1YWxpdHkiOjgwLCJjaHJvbWFTdWJzYW1wbGluZyI6IjQ6NDo0In0sInJlc2l6ZSI6eyJ3aWR0aCI6MzE2LCJoZWlnaHQiOjQ3NH19fQ==
Dead or Alive 4,https://ggapp.io/games/yEeQXO/dead-or-alive-4,https://d2d2z3qzqjizpf.cloudfront.net/eyJidWNrZXQiOiJnZ2FwcCIsImtleSI6Im1lZGlhL2dhbWVzL3lFZVFYTy8xZWMwZjkxOC1kNzFmLTRkOGQtYjQ2MC1mMmNkMTUwOGExZDkucG5nIiwiZWRpdHMiOnsidG9Gb3JtYXQiOiJqcGciLCJqcGVnIjp7InF1YWxpdHkiOjgwLCJjaHJvbWFTdWJzYW1wbGluZyI6IjQ6NDo0In0sInJlc2l6ZSI6eyJ3aWR0aCI6MzE2LCJoZWlnaHQiOjQ3NH19fQ==
Dead or Alive 3,https://ggapp.io/games/2Yckio/dead-or-alive-3,https://d2d2z3qzqjizpf.cloudfront.net/eyJidWNrZXQiOiJnZ2FwcCIsImtleSI6Im1lZGlhL2dhbWVzLzJZY2tpby9mYTEwZGRlNS1mOGM5LTQxY2ItYTE1NS02MDY4ZmRiM2IwOWIucG5nIiwiZWRpdHMiOnsidG9Gb3JtYXQiOiJqcGciLCJqcGVnIjp7InF1YWxpdHkiOjgwLCJjaHJvbWFTdWJzYW1wbGluZyI6IjQ6NDo0In0sInJlc2l6ZSI6eyJ3aWR0aCI6MzE2LCJoZWlnaHQiOjQ3NH19fQ==
Dead or Alive 2 Ultimate,https://ggapp.io/games/m7h3Ox/dead-or-alive-2-ultimate,https://d2d2z3qzqjizpf.cloudfront.net/eyJidWNrZXQiOiJnZ2FwcCIsImtleSI6Im1lZGlhL2dhbWVzL203aDNPeC8zNzUxZjViMS1iZDk5LTQ1NWYtOWQxMi1jZjE3NTk1MDBhYWIuanBnIiwiZWRpdHMiOnsidG9Gb3JtYXQiOiJqcGciLCJqcGVnIjp7InF1YWxpdHkiOjgwLCJjaHJvbWFTdWJzYW1wbGluZyI6IjQ6NDo0In0sInJlc2l6ZSI6eyJ3aWR0aCI6MzE2LCJoZWlnaHQiOjQ3NH19fQ==
Dead or Alive Ultimate,https://ggapp.io/games/iAFYUr/dead-or-alive-ultimate,https://d2d2z3qzqjizpf.cloudfront.net/eyJidWNrZXQiOiJnZ2FwcCIsImtleSI6Im1lZGlhL2dhbWVzL2lBRllVci8xYTYzZGJkMS1jM2QxLTRjNDUtYWEzOC1iNGQ4MDU4NDUwNWIuanBnIiwiZWRpdHMiOnsidG9Gb3JtYXQiOiJqcGciLCJqcGVnIjp7InF1YWxpdHkiOjgwLCJjaHJvbWFTdWJzYW1wbGluZyI6IjQ6NDo0In0sInJlc2l6ZSI6eyJ3aWR0aCI6MzE2LCJoZWlnaHQiOjQ3NH19fQ==
Uncharted 4: A Thief's End,https://ggapp.io/games/rfZNqB/uncharted-4-a-thiefs-end,https://d2d2z3qzqjizpf.cloudfront.net/eyJidWNrZXQiOiJnZ2FwcCIsImtleSI6Im1lZGlhL2dhbWVzL3JmWk5xQi9lZjc3OGM4Mi1jMzkyLTRhNTQtOTc4ZS01NTA3MjRjOTJhODYuanBnIiwiZWRpdHMiOnsidG9Gb3JtYXQiOiJqcGciLCJqcGVnIjp7InF1YWxpdHkiOjgwLCJjaHJvbWFTdWJzYW1wbGluZyI6IjQ6NDo0In0sInJlc2l6ZSI6eyJ3aWR0aCI6MzE2LCJoZWlnaHQiOjQ3NH19fQ==
Uncharted 3: Drake's Deception,https://ggapp.io/games/NLnmUG/uncharted-3-drakes-deception,https://d2d2z3qzqjizpf.cloudfront.net/eyJidWNrZXQiOiJnZ2FwcCIsImtleSI6Im1lZGlhL2dhbWVzL05Mbm1VRy84NDdiOTNhOC0zNDhlLTRjOGQtYjc5NS1mOTMyNDY0M2YwNDEuanBnIiwiZWRpdHMiOnsidG9Gb3JtYXQiOiJqcGciLCJqcGVnIjp7InF1YWxpdHkiOjgwLCJjaHJvbWFTdWJzYW1wbGluZyI6IjQ6NDo0In0sInJlc2l6ZSI6eyJ3aWR0aCI6MzE2LCJoZWlnaHQiOjQ3NH19fQ==
Uncharted 2: Among Thieves,https://ggapp.io/games/5vPL3Q/uncharted-2-among-thieves,https://d2d2z3qzqjizpf.cloudfront.net/eyJidWNrZXQiOiJnZ2FwcCIsImtleSI6Im1lZGlhL2dhbWVzLzV2UEwzUS8yYWQ5ZmQyYy1kOGZiLTRlMDEtYjRiMS1kNjM4YmEyMDJkNGQuanBnIiwiZWRpdHMiOnsidG9Gb3JtYXQiOiJqcGciLCJqcGVnIjp7InF1YWxpdHkiOjgwLCJjaHJvbWFTdWJzYW1wbGluZyI6IjQ6NDo0In0sInJlc2l6ZSI6eyJ3aWR0aCI6MzE2LCJoZWlnaHQiOjQ3NH19fQ==
Uncharted: Drake's Fortune,https://ggapp.io/games/JYE2Te/uncharted-drakes-fortune,https://d2d2z3qzqjizpf.cloudfront.net/eyJidWNrZXQiOiJnZ2FwcCIsImtleSI6Im1lZGlhL2dhbWVzL0pZRTJUZS81ZTRmNzVkMC1kY2ZhLTQ1NzMtYTRiYy1iY2Y0MDY1YThiYzIuanBnIiwiZWRpdHMiOnsidG9Gb3JtYXQiOiJqcGciLCJqcGVnIjp7InF1YWxpdHkiOjgwLCJjaHJvbWFTdWJzYW1wbGluZyI6IjQ6NDo0In0sInJlc2l6ZSI6eyJ3aWR0aCI6MzE2LCJoZWlnaHQiOjQ3NH19fQ==
Metal Gear Solid 3: Snake Eater,https://ggapp.io/games/8Oi5Z1/metal-gear-solid-3-snake-eater,https://d2d2z3qzqjizpf.cloudfront.net/eyJidWNrZXQiOiJnZ2FwcCIsImtleSI6Im1lZGlhL2dhbWVzLzhPaTVaMS81MzdhNTU3NC01ZTMzLTQxNWMtODhhOC1lYTc2ZWQwZWM5OTkucG5nIiwiZWRpdHMiOnsidG9Gb3JtYXQiOiJqcGciLCJqcGVnIjp7InF1YWxpdHkiOjgwLCJjaHJvbWFTdWJzYW1wbGluZyI6IjQ6NDo0In0sInJlc2l6ZSI6eyJ3aWR0aCI6MzE2LCJoZWlnaHQiOjQ3NH19fQ==
Ridge Racer,https://ggapp.io/games/LRdO5D/ridge-racer,https://d2d2z3qzqjizpf.cloudfront.net/eyJidWNrZXQiOiJnZ2FwcCIsImtleSI6Im1lZGlhL2dhbWVzL0xSZE81RC9iNThjMDEyZS05ZDBiLTRmMTUtYTU1MC05ODc0ZjU4MjZkYmYucG5nIiwiZWRpdHMiOnsidG9Gb3JtYXQiOiJqcGciLCJqcGVnIjp7InF1YWxpdHkiOjgwLCJjaHJvbWFTdWJzYW1wbGluZyI6IjQ6NDo0In0sInJlc2l6ZSI6eyJ3aWR0aCI6MzE2LCJoZWlnaHQiOjQ3NH19fQ==
Pikmin,https://ggapp.io/games/uhjuWB/pikmin,https://d2d2z3qzqjizpf.cloudfront.net/eyJidWNrZXQiOiJnZ2FwcCIsImtleSI6Im1lZGlhL2dhbWVzL3VoanVXQi8wNDQxODM4OS1lZTA2LTQyM2EtYjMwNi03NjA5MWU3MjE1MjAucG5nIiwiZWRpdHMiOnsidG9Gb3JtYXQiOiJqcGciLCJqcGVnIjp7InF1YWxpdHkiOjgwLCJjaHJvbWFTdWJzYW1wbGluZyI6IjQ6NDo0In0sInJlc2l6ZSI6eyJ3aWR0aCI6MzE2LCJoZWlnaHQiOjQ3NH19fQ==
Resident Evil 5,https://ggapp.io/games/F10GPe/resident-evil-5,https://d2d2z3qzqjizpf.cloudfront.net/eyJidWNrZXQiOiJnZ2FwcCIsImtleSI6Im1lZGlhL2dhbWVzL0YxMEdQZS8wNzhjNDA2Yi0zNDE5LTQzZjgtYjVkNC0xY2Y3YTA0NTVhN2UucG5nIiwiZWRpdHMiOnsidG9Gb3JtYXQiOiJqcGciLCJqcGVnIjp7InF1YWxpdHkiOjgwLCJjaHJvbWFTdWJzYW1wbGluZyI6IjQ6NDo0In0sInJlc2l6ZSI6eyJ3aWR0aCI6MzE2LCJoZWlnaHQiOjQ3NH19fQ==
Pikmin 3,https://ggapp.io/games/JSnxqw/pikmin-3,https://d2d2z3qzqjizpf.cloudfront.net/eyJidWNrZXQiOiJnZ2FwcCIsImtleSI6Im1lZGlhL2dhbWVzL0pTbnhxdy8xNTY4NjdlZi03MTkyLTQxMGMtODJjNC00OWM1NzJlMGI1NGIucG5nIiwiZWRpdHMiOnsidG9Gb3JtYXQiOiJqcGciLCJqcGVnIjp7InF1YWxpdHkiOjgwLCJjaHJvbWFTdWJzYW1wbGluZyI6IjQ6NDo0In0sInJlc2l6ZSI6eyJ3aWR0aCI6MzE2LCJoZWlnaHQiOjQ3NH19fQ==
Castlevania: Symphony of the Night,https://ggapp.io/games/d827Eo/castlevania-symphony-of-the-night,https://d2d2z3qzqjizpf.cloudfront.net/eyJidWNrZXQiOiJnZ2FwcCIsImtleSI6Im1lZGlhL2dhbWVzL2Q4MjdFby9iZDliOWZhZi04Y2Y4LTQ5YWUtYWRmZi0yZDczODU5ZWIzMTEuanBnIiwiZWRpdHMiOnsidG9Gb3JtYXQiOiJqcGciLCJqcGVnIjp7InF1YWxpdHkiOjgwLCJjaHJvbWFTdWJzYW1wbGluZyI6IjQ6NDo0In0sInJlc2l6ZSI6eyJ3aWR0aCI6MzE2LCJoZWlnaHQiOjQ3NH19fQ==
NOT A HERO,https://ggapp.io/games/GTVQLJ/not-a-hero,https://d2d2z3qzqjizpf.cloudfront.net/eyJidWNrZXQiOiJnZ2FwcCIsImtleSI6Im1lZGlhL2dhbWVzL0dUVlFMSi9lZTUyMGQ5My1iZjU3LTQ5NGUtOWI2ZS0xOWRhMDU2OGUzY2EuanBnIiwiZWRpdHMiOnsidG9Gb3JtYXQiOiJqcGciLCJqcGVnIjp7InF1YWxpdHkiOjgwLCJjaHJvbWFTdWJzYW1wbGluZyI6IjQ6NDo0In0sInJlc2l6ZSI6eyJ3aWR0aCI6MzE2LCJoZWlnaHQiOjQ3NH19fQ==
Dissidia Final Fantasy,https://ggapp.io/games/iPSEOT/dissidia-final-fantasy,https://d2d2z3qzqjizpf.cloudfront.net/eyJidWNrZXQiOiJnZ2FwcCIsImtleSI6Im1lZGlhL2dhbWVzL2lQU0VPVC8xZTAzNmQxNS1hYjcxLTRiM2UtYmM4Ni04MTBkNmVjYThiYzIucG5nIiwiZWRpdHMiOnsidG9Gb3JtYXQiOiJqcGciLCJqcGVnIjp7InF1YWxpdHkiOjgwLCJjaHJvbWFTdWJzYW1wbGluZyI6IjQ6NDo0In0sInJlc2l6ZSI6eyJ3aWR0aCI6MzE2LCJoZWlnaHQiOjQ3NH19fQ==
FINAL FANTASY® XIII,https://ggapp.io/games/ZcKjSM/final-fantasy-r-xiii,https://d2d2z3qzqjizpf.cloudfront.net/eyJidWNrZXQiOiJnZ2FwcCIsImtleSI6Im1lZGlhL2dhbWVzL1pjS2pTTS9lNDBjMTY2Zi04ZWFhLTQ5ZjMtOGZmNy1hODI3NTkwOWUxYzAuanBnIiwiZWRpdHMiOnsidG9Gb3JtYXQiOiJqcGciLCJqcGVnIjp7InF1YWxpdHkiOjgwLCJjaHJvbWFTdWJzYW1wbGluZyI6IjQ6NDo0In0sInJlc2l6ZSI6eyJ3aWR0aCI6MzE2LCJoZWlnaHQiOjQ3NH19fQ==
Final Fantasy XII,https://ggapp.io/games/uCNHMJ/final-fantasy-xii,https://d2d2z3qzqjizpf.cloudfront.net/eyJidWNrZXQiOiJnZ2FwcCIsImtleSI6Im1lZGlhL2dhbWVzL3VDTkhNSi82MGNmODhmMi0zOWJhLTQ2NjAtYWZhMi02M2FiMDlmNTgwNzQuanBnIiwiZWRpdHMiOnsidG9Gb3JtYXQiOiJqcGciLCJqcGVnIjp7InF1YWxpdHkiOjgwLCJjaHJvbWFTdWJzYW1wbGluZyI6IjQ6NDo0In0sInJlc2l6ZSI6eyJ3aWR0aCI6MzE2LCJoZWlnaHQiOjQ3NH19fQ==
Zone of the Enders: The 2nd Runner,https://ggapp.io/games/1PI6PJ/zone-of-the-enders-the-2nd-runner,https://d2d2z3qzqjizpf.cloudfront.net/eyJidWNrZXQiOiJnZ2FwcCIsImtleSI6Im1lZGlhL2dhbWVzLzFQSTZQSi8zYzliNDA2Ny0yMTAyLTQ5NDItOTY0Mi0wM2ViYTI2MjE1NzEucG5nIiwiZWRpdHMiOnsidG9Gb3JtYXQiOiJqcGciLCJqcGVnIjp7InF1YWxpdHkiOjgwLCJjaHJvbWFTdWJzYW1wbGluZyI6IjQ6NDo0In0sInJlc2l6ZSI6eyJ3aWR0aCI6MzE2LCJoZWlnaHQiOjQ3NH19fQ==
Zone of the Enders,https://ggapp.io/games/ojOt6Q/zone-of-the-enders,https://d2d2z3qzqjizpf.cloudfront.net/eyJidWNrZXQiOiJnZ2FwcCIsImtleSI6Im1lZGlhL2dhbWVzL29qT3Q2US9iMDAzNmMyMC1iYjczLTQxZDktOGRlMy02OWJkNWRhOGQ4ODQucG5nIiwiZWRpdHMiOnsidG9Gb3JtYXQiOiJqcGciLCJqcGVnIjp7InF1YWxpdHkiOjgwLCJjaHJvbWFTdWJzYW1wbGluZyI6IjQ6NDo0In0sInJlc2l6ZSI6eyJ3aWR0aCI6MzE2LCJoZWlnaHQiOjQ3NH19fQ==
Red Dead Redemption II,https://ggapp.io/games/szGKDy/red-dead-redemption-ii,https://d2d2z3qzqjizpf.cloudfront.net/eyJidWNrZXQiOiJnZ2FwcCIsImtleSI6Im1lZGlhL2dhbWVzL3N6R0tEeS8xNjllNGRkNS1mMjZjLTRhMTMtODFmZi04NjJmNDg5NDhmMzcuanBnIiwiZWRpdHMiOnsidG9Gb3JtYXQiOiJqcGciLCJqcGVnIjp7InF1YWxpdHkiOjgwLCJjaHJvbWFTdWJzYW1wbGluZyI6IjQ6NDo0In0sInJlc2l6ZSI6eyJ3aWR0aCI6MzE2LCJoZWlnaHQiOjQ3NH19fQ==
Red Dead Redemption,https://ggapp.io/games/1N3hk5/red-dead-redemption,https://d2d2z3qzqjizpf.cloudfront.net/eyJidWNrZXQiOiJnZ2FwcCIsImtleSI6Im1lZGlhL2dhbWVzLzFOM2hrNS84MmRiYjM2ZS1kYWE3LTQ0YjktOWE1OC1mNGJmOTYxZDY3MjgucG5nIiwiZWRpdHMiOnsidG9Gb3JtYXQiOiJqcGciLCJqcGVnIjp7InF1YWxpdHkiOjgwLCJjaHJvbWFTdWJzYW1wbGluZyI6IjQ6NDo0In0sInJlc2l6ZSI6eyJ3aWR0aCI6MzE2LCJoZWlnaHQiOjQ3NH19fQ==
Coffee Talk,https://ggapp.io/games/I5KQJM/coffee-talk,https://d2d2z3qzqjizpf.cloudfront.net/eyJidWNrZXQiOiJnZ2FwcCIsImtleSI6Im1lZGlhL2dhbWVzL0k1S1FKTS83ZGZlMWQ4OS0wNzVjLTQxZTUtYmZmYi1hNWM2YWJiYzViZDguanBnIiwiZWRpdHMiOnsidG9Gb3JtYXQiOiJqcGciLCJqcGVnIjp7InF1YWxpdHkiOjgwLCJjaHJvbWFTdWJzYW1wbGluZyI6IjQ6NDo0In0sInJlc2l6ZSI6eyJ3aWR0aCI6MzE2LCJoZWlnaHQiOjQ3NH19fQ==
13 Sentinels: Aegis Rim,https://ggapp.io/games/qV6jpW/13-sentinels-aegis-rim,https://d2d2z3qzqjizpf.cloudfront.net/eyJidWNrZXQiOiJnZ2FwcCIsImtleSI6Im1lZGlhL2dhbWVzL3FWNmpwVy9mODU1NWFhMy00NGQyLTQzMGYtODNkZC04MjUxMDNmYWQ3NzcucG5nIiwiZWRpdHMiOnsidG9Gb3JtYXQiOiJqcGciLCJqcGVnIjp7InF1YWxpdHkiOjgwLCJjaHJvbWFTdWJzYW1wbGluZyI6IjQ6NDo0In0sInJlc2l6ZSI6eyJ3aWR0aCI6MzE2LCJoZWlnaHQiOjQ3NH19fQ==
Mario Strikers: Battle League,https://ggapp.io/games/8yFr0E/mario-strikers-battle-league,https://d2d2z3qzqjizpf.cloudfront.net/eyJidWNrZXQiOiJnZ2FwcCIsImtleSI6Im1lZGlhL2dhbWVzLzh5RnIwRS8zMGY3OGQzNS0xMWI2LTRjOGUtOTBlZS1jMGY3NGY2OTEwMTkucG5nIiwiZWRpdHMiOnsidG9Gb3JtYXQiOiJqcGciLCJqcGVnIjp7InF1YWxpdHkiOjgwLCJjaHJvbWFTdWJzYW1wbGluZyI6IjQ6NDo0In0sInJlc2l6ZSI6eyJ3aWR0aCI6MzE2LCJoZWlnaHQiOjQ3NH19fQ==
Pentiment,https://ggapp.io/games/6rc6en/pentiment,https://d2d2z3qzqjizpf.cloudfront.net/eyJidWNrZXQiOiJnZ2FwcCIsImtleSI6Im1lZGlhL2dhbWVzLzZyYzZlbi8yMWZlYzY5YS1mNGQ4LTQxNDUtOWU5Ny0xMmFkOWFiZDU5ODEuanBnIiwiZWRpdHMiOnsidG9Gb3JtYXQiOiJqcGciLCJqcGVnIjp7InF1YWxpdHkiOjgwLCJjaHJvbWFTdWJzYW1wbGluZyI6IjQ6NDo0In0sInJlc2l6ZSI6eyJ3aWR0aCI6MzE2LCJoZWlnaHQiOjQ3NH19fQ==
Lost Odyssey,https://ggapp.io/games/XtLznT/lost-odyssey,https://d2d2z3qzqjizpf.cloudfront.net/eyJidWNrZXQiOiJnZ2FwcCIsImtleSI6Im1lZGlhL2dhbWVzL1h0THpuVC81MzU3OTBmYS02YjNmLTQwZWQtYmNiYS1hYjU4NWRkMGVlYjUuanBlZyIsImVkaXRzIjp7InRvRm9ybWF0IjoianBnIiwianBlZyI6eyJxdWFsaXR5Ijo4MCwiY2hyb21hU3Vic2FtcGxpbmciOiI0OjQ6NCJ9LCJyZXNpemUiOnsid2lkdGgiOjMxNiwiaGVpZ2h0Ijo0NzR9fX0=
Bravely Default,https://ggapp.io/games/76bxUD/bravely-default,https://d2d2z3qzqjizpf.cloudfront.net/eyJidWNrZXQiOiJnZ2FwcCIsImtleSI6Im1lZGlhL2dhbWVzLzc2YnhVRC8zNTMyNzZhOC1lZWU2LTRmYTktOTFmNi1kYTY0MzE1MDNkZWIuanBnIiwiZWRpdHMiOnsidG9Gb3JtYXQiOiJqcGciLCJqcGVnIjp7InF1YWxpdHkiOjgwLCJjaHJvbWFTdWJzYW1wbGluZyI6IjQ6NDo0In0sInJlc2l6ZSI6eyJ3aWR0aCI6MzE2LCJoZWlnaHQiOjQ3NH19fQ==
Broken Age: The Complete Adventure,https://ggapp.io/games/UzbSNR/broken-age-the-complete-adventure,https://d2d2z3qzqjizpf.cloudfront.net/eyJidWNrZXQiOiJnZ2FwcCIsImtleSI6Im1lZGlhL2dhbWVzL1V6YlNOUi85NDM5OTM0My1hYzA3LTQ5MTktYjAwYy00MGRhMTAyYWU2NjMucG5nIiwiZWRpdHMiOnsidG9Gb3JtYXQiOiJqcGciLCJqcGVnIjp7InF1YWxpdHkiOjgwLCJjaHJvbWFTdWJzYW1wbGluZyI6IjQ6NDo0In0sInJlc2l6ZSI6eyJ3aWR0aCI6MzE2LCJoZWlnaHQiOjQ3NH19fQ==
Daxter,https://ggapp.io/games/4KxS5A/daxter,https://d2d2z3qzqjizpf.cloudfront.net/eyJidWNrZXQiOiJnZ2FwcCIsImtleSI6Im1lZGlhL2dhbWVzLzRLeFM1QS9mZDE1MDc3NC02ODQyLTQxNzUtOGQ3Mi1lNWZkNjAzNmMzODcucG5nIiwiZWRpdHMiOnsidG9Gb3JtYXQiOiJqcGciLCJqcGVnIjp7InF1YWxpdHkiOjgwLCJjaHJvbWFTdWJzYW1wbGluZyI6IjQ6NDo0In0sInJlc2l6ZSI6eyJ3aWR0aCI6MzE2LCJoZWlnaHQiOjQ3NH19fQ==
Psychonauts 2,https://ggapp.io/games/gb3rL6/psychonauts-2,https://d2d2z3qzqjizpf.cloudfront.net/eyJidWNrZXQiOiJnZ2FwcCIsImtleSI6Im1lZGlhL2dhbWVzL2diM3JMNi85NmM0OGUyZi1lMDI0LTQ5MDQtOTIyZS04NmI1NjZiMjRlM2IuanBnIiwiZWRpdHMiOnsidG9Gb3JtYXQiOiJqcGciLCJqcGVnIjp7InF1YWxpdHkiOjgwLCJjaHJvbWFTdWJzYW1wbGluZyI6IjQ6NDo0In0sInJlc2l6ZSI6eyJ3aWR0aCI6MzE2LCJoZWlnaHQiOjQ3NH19fQ==
Tails Noir,https://ggapp.io/games/X94MKl/tails-noir,https://d2d2z3qzqjizpf.cloudfront.net/eyJidWNrZXQiOiJnZ2FwcCIsImtleSI6Im1lZGlhL2dhbWVzL1g5NE1LbC80YTQ3YWUyZi00ZWU1LTQxZGMtOGM5MS0yOTg1MzUwNTJmMDgucG5nIiwiZWRpdHMiOnsidG9Gb3JtYXQiOiJqcGciLCJqcGVnIjp7InF1YWxpdHkiOjgwLCJjaHJvbWFTdWJzYW1wbGluZyI6IjQ6NDo0In0sInJlc2l6ZSI6eyJ3aWR0aCI6MzE2LCJoZWlnaHQiOjQ3NH19fQ==
A Plague Tale: Requiem,https://ggapp.io/games/tjLPw1/a-plague-tale-requiem,https://d2d2z3qzqjizpf.cloudfront.net/eyJidWNrZXQiOiJnZ2FwcCIsImtleSI6Im1lZGlhL2dhbWVzL3RqTFB3MS83NjUwZjBlYS1lZmU2LTQyOTEtYjljNC01MjlmODEzYWFlN2QuanBnIiwiZWRpdHMiOnsidG9Gb3JtYXQiOiJqcGciLCJqcGVnIjp7InF1YWxpdHkiOjgwLCJjaHJvbWFTdWJzYW1wbGluZyI6IjQ6NDo0In0sInJlc2l6ZSI6eyJ3aWR0aCI6MzE2LCJoZWlnaHQiOjQ3NH19fQ==
The Forgotten City,https://ggapp.io/games/VaO8rz/the-forgotten-city,https://d2d2z3qzqjizpf.cloudfront.net/eyJidWNrZXQiOiJnZ2FwcCIsImtleSI6Im1lZGlhL2dhbWVzL1ZhTzhyei8yZTFkNjExOS03YjYwLTQyODktYjE2OC1kOTRhNjNkNmM1MjYuanBnIiwiZWRpdHMiOnsidG9Gb3JtYXQiOiJqcGciLCJqcGVnIjp7InF1YWxpdHkiOjgwLCJjaHJvbWFTdWJzYW1wbGluZyI6IjQ6NDo0In0sInJlc2l6ZSI6eyJ3aWR0aCI6MzE2LCJoZWlnaHQiOjQ3NH19fQ==
Teenage Mutant Ninja Turtles: Shredder's Revenge,https://ggapp.io/games/gDYc13/teenage-mutant-ninja-turtles-shredders-revenge,https://d2d2z3qzqjizpf.cloudfront.net/eyJidWNrZXQiOiJnZ2FwcCIsImtleSI6Im1lZGlhL2dhbWVzL2dEWWMxMy82NDAwZDdiMy0xYzdhLTQxNTAtYmU2MS03ZmIzMDNkMmRiZTkuanBnIiwiZWRpdHMiOnsidG9Gb3JtYXQiOiJqcGciLCJqcGVnIjp7InF1YWxpdHkiOjgwLCJjaHJvbWFTdWJzYW1wbGluZyI6IjQ6NDo0In0sInJlc2l6ZSI6eyJ3aWR0aCI6MzE2LCJoZWlnaHQiOjQ3NH19fQ==
Mass Effect 3,https://ggapp.io/games/aBqKyG/mass-effect-3,https://d2d2z3qzqjizpf.cloudfront.net/eyJidWNrZXQiOiJnZ2FwcCIsImtleSI6Im1lZGlhL2dhbWVzL2FCcUt5Ry85NWUwMTBmNC05NDhmLTRhYWYtYTFjOC0zYWY3OGEzNTdmZjkucG5nIiwiZWRpdHMiOnsidG9Gb3JtYXQiOiJqcGciLCJqcGVnIjp7InF1YWxpdHkiOjgwLCJjaHJvbWFTdWJzYW1wbGluZyI6IjQ6NDo0In0sInJlc2l6ZSI6eyJ3aWR0aCI6MzE2LCJoZWlnaHQiOjQ3NH19fQ==
Mass Effect 2,https://ggapp.io/games/fouNA4/mass-effect-2,https://d2d2z3qzqjizpf.cloudfront.net/eyJidWNrZXQiOiJnZ2FwcCIsImtleSI6Im1lZGlhL2dhbWVzL2ZvdU5BNC84YmZkMTVhYi01YzA2LTQwMDgtOWY1OC03NTU3NzA4YjMyNTAucG5nIiwiZWRpdHMiOnsidG9Gb3JtYXQiOiJqcGciLCJqcGVnIjp7InF1YWxpdHkiOjgwLCJjaHJvbWFTdWJzYW1wbGluZyI6IjQ6NDo0In0sInJlc2l6ZSI6eyJ3aWR0aCI6MzE2LCJoZWlnaHQiOjQ3NH19fQ==
Mass Effect,https://ggapp.io/games/fc9G6Q/mass-effect,https://d2d2z3qzqjizpf.cloudfront.net/eyJidWNrZXQiOiJnZ2FwcCIsImtleSI6Im1lZGlhL2dhbWVzL2ZjOUc2US83NTg1ZGVmYi02ZTZlLTRmMDItYjE0YS02MTM4NzA5Njk0ZWUuanBnIiwiZWRpdHMiOnsidG9Gb3JtYXQiOiJqcGciLCJqcGVnIjp7InF1YWxpdHkiOjgwLCJjaHJvbWFTdWJzYW1wbGluZyI6IjQ6NDo0In0sInJlc2l6ZSI6eyJ3aWR0aCI6MzE2LCJoZWlnaHQiOjQ3NH19fQ==
Assassin's Creed® Origins,https://ggapp.io/games/0OFLRX/assassins-creed-r-origins,https://d2d2z3qzqjizpf.cloudfront.net/eyJidWNrZXQiOiJnZ2FwcCIsImtleSI6Im1lZGlhL2dhbWVzLzBPRkxSWC8wYzZmYTRmYi0yZWMxLTRiZDEtOTk4MC1lODgwNjVkZTFkMTEucG5nIiwiZWRpdHMiOnsidG9Gb3JtYXQiOiJqcGciLCJqcGVnIjp7InF1YWxpdHkiOjgwLCJjaHJvbWFTdWJzYW1wbGluZyI6IjQ6NDo0In0sInJlc2l6ZSI6eyJ3aWR0aCI6MzE2LCJoZWlnaHQiOjQ3NH19fQ==
Mirror's Edge™,https://ggapp.io/games/1zorW0/mirrors-edge-tm,https://d2d2z3qzqjizpf.cloudfront.net/eyJidWNrZXQiOiJnZ2FwcCIsImtleSI6Im1lZGlhL2dhbWVzLzF6b3JXMC9hOTJiM2ZjNS03ODMyLTRlNTktYWFiMC1iZWJkOGJiZDBmYzkuanBnIiwiZWRpdHMiOnsidG9Gb3JtYXQiOiJqcGciLCJqcGVnIjp7InF1YWxpdHkiOjgwLCJjaHJvbWFTdWJzYW1wbGluZyI6IjQ6NDo0In0sInJlc2l6ZSI6eyJ3aWR0aCI6MzE2LCJoZWlnaHQiOjQ3NH19fQ==
Astria Ascending,https://ggapp.io/games/Gzeof5/astria-ascending,https://d2d2z3qzqjizpf.cloudfront.net/eyJidWNrZXQiOiJnZ2FwcCIsImtleSI6Im1lZGlhL2dhbWVzL0d6ZW9mNS9hODY0NDc4Ni05MzQxLTQ5ODAtODVkOC1mNGQyODRkNTE1YjkuanBnIiwiZWRpdHMiOnsidG9Gb3JtYXQiOiJqcGciLCJqcGVnIjp7InF1YWxpdHkiOjgwLCJjaHJvbWFTdWJzYW1wbGluZyI6IjQ6NDo0In0sInJlc2l6ZSI6eyJ3aWR0aCI6MzE2LCJoZWlnaHQiOjQ3NH19fQ==
Alan Wake's American Nightmare,https://ggapp.io/games/OS5N7e/alan-wakes-american-nightmare,https://d2d2z3qzqjizpf.cloudfront.net/eyJidWNrZXQiOiJnZ2FwcCIsImtleSI6Im1lZGlhL2dhbWVzL09TNU43ZS81MTRjODE3ZC1hZGVjLTRhYzUtOWQzYi04ZjcyZTk2ZTFhNWMuanBnIiwiZWRpdHMiOnsidG9Gb3JtYXQiOiJqcGciLCJqcGVnIjp7InF1YWxpdHkiOjgwLCJjaHJvbWFTdWJzYW1wbGluZyI6IjQ6NDo0In0sInJlc2l6ZSI6eyJ3aWR0aCI6MzE2LCJoZWlnaHQiOjQ3NH19fQ==
Kirby Star Allies,https://ggapp.io/games/4rrjuh/kirby-star-allies,https://d2d2z3qzqjizpf.cloudfront.net/eyJidWNrZXQiOiJnZ2FwcCIsImtleSI6Im1lZGlhL2dhbWVzLzRycmp1aC9jMDAwODVhMS1kMzNiLTQ2MTAtYmU1ZC01MWNhYmY2NmRlOGUucG5nIiwiZWRpdHMiOnsidG9Gb3JtYXQiOiJqcGciLCJqcGVnIjp7InF1YWxpdHkiOjgwLCJjaHJvbWFTdWJzYW1wbGluZyI6IjQ6NDo0In0sInJlc2l6ZSI6eyJ3aWR0aCI6MzE2LCJoZWlnaHQiOjQ3NH19fQ==
Yakuza: Like a Dragon,https://ggapp.io/games/iNbxfG/yakuza-like-a-dragon,https://d2d2z3qzqjizpf.cloudfront.net/eyJidWNrZXQiOiJnZ2FwcCIsImtleSI6Im1lZGlhL2dhbWVzL2lOYnhmRy9iZDNmY2Y1MC02M2FiLTQxMDctYTgxOS1hYTBjMjcxMWNjZjAucG5nIiwiZWRpdHMiOnsidG9Gb3JtYXQiOiJqcGciLCJqcGVnIjp7InF1YWxpdHkiOjgwLCJjaHJvbWFTdWJzYW1wbGluZyI6IjQ6NDo0In0sInJlc2l6ZSI6eyJ3aWR0aCI6MzE2LCJoZWlnaHQiOjQ3NH19fQ==
Marvel's Guardians of the Galaxy,https://ggapp.io/games/LlYFmU/marvels-guardians-of-the-galaxy,https://d2d2z3qzqjizpf.cloudfront.net/eyJidWNrZXQiOiJnZ2FwcCIsImtleSI6Im1lZGlhL2dhbWVzL0xsWUZtVS9jMWExZmM2Ni0yY2VmLTQyNjktYWZlOC1hZjU5MjZmYzMyM2MuanBlZyIsImVkaXRzIjp7InRvRm9ybWF0IjoianBnIiwianBlZyI6eyJxdWFsaXR5Ijo4MCwiY2hyb21hU3Vic2FtcGxpbmciOiI0OjQ6NCJ9LCJyZXNpemUiOnsid2lkdGgiOjMxNiwiaGVpZ2h0Ijo0NzR9fX0=
Kingdom Hearts II,https://ggapp.io/games/H2ks3A/kingdom-hearts-ii,https://d2d2z3qzqjizpf.cloudfront.net/eyJidWNrZXQiOiJnZ2FwcCIsImtleSI6Im1lZGlhL2dhbWVzL0gya3MzQS9jMDM4MWYwYy05NjU0LTQzYzgtYTYzZC0zZWM4MzY1YjFkMWQucG5nIiwiZWRpdHMiOnsidG9Gb3JtYXQiOiJqcGciLCJqcGVnIjp7InF1YWxpdHkiOjgwLCJjaHJvbWFTdWJzYW1wbGluZyI6IjQ6NDo0In0sInJlc2l6ZSI6eyJ3aWR0aCI6MzE2LCJoZWlnaHQiOjQ3NH19fQ==
Twelve Minutes,https://ggapp.io/games/RUFO65/twelve-minutes,https://d2d2z3qzqjizpf.cloudfront.net/eyJidWNrZXQiOiJnZ2FwcCIsImtleSI6Im1lZGlhL2dhbWVzL1JVRk82NS8yZTM0MGIwZi05ZTY1LTRhNDYtODE3Mi0xYWNiODQzNDE2NGUuanBnIiwiZWRpdHMiOnsidG9Gb3JtYXQiOiJqcGciLCJqcGVnIjp7InF1YWxpdHkiOjgwLCJjaHJvbWFTdWJzYW1wbGluZyI6IjQ6NDo0In0sInJlc2l6ZSI6eyJ3aWR0aCI6MzE2LCJoZWlnaHQiOjQ3NH19fQ==
Need for Speed: ProStreet,https://ggapp.io/games/P1xPAb/need-for-speed-prostreet,https://d2d2z3qzqjizpf.cloudfront.net/eyJidWNrZXQiOiJnZ2FwcCIsImtleSI6Im1lZGlhL2dhbWVzL1AxeFBBYi81ODEzNzY3ZC1lNzE3LTRiMjktOTQyYy0wODA0MjQxYzBmMTIucG5nIiwiZWRpdHMiOnsidG9Gb3JtYXQiOiJqcGciLCJqcGVnIjp7InF1YWxpdHkiOjgwLCJjaHJvbWFTdWJzYW1wbGluZyI6IjQ6NDo0In0sInJlc2l6ZSI6eyJ3aWR0aCI6MzE2LCJoZWlnaHQiOjQ3NH19fQ==
Need for Speed: Most Wanted,https://ggapp.io/games/uJ1jvX/need-for-speed-most-wanted,https://d2d2z3qzqjizpf.cloudfront.net/eyJidWNrZXQiOiJnZ2FwcCIsImtleSI6Im1lZGlhL2dhbWVzL3VKMWp2WC8yZDFjYTA3ZC00OTBiLTQyM2EtOWQ5OC1lMmZjMGFlMDZhMWEucG5nIiwiZWRpdHMiOnsidG9Gb3JtYXQiOiJqcGciLCJqcGVnIjp7InF1YWxpdHkiOjgwLCJjaHJvbWFTdWJzYW1wbGluZyI6IjQ6NDo0In0sInJlc2l6ZSI6eyJ3aWR0aCI6MzE2LCJoZWlnaHQiOjQ3NH19fQ==
Need for Speed: The Run,https://ggapp.io/games/15jEG4/need-for-speed-the-run,https://d2d2z3qzqjizpf.cloudfront.net/eyJidWNrZXQiOiJnZ2FwcCIsImtleSI6Im1lZGlhL2dhbWVzLzE1akVHNC82MDc1OTI5YS1kNjRmLTRmOTUtYTMxYi1hM2ZlZjljMTkwYzIuanBnIiwiZWRpdHMiOnsidG9Gb3JtYXQiOiJqcGciLCJqcGVnIjp7InF1YWxpdHkiOjgwLCJjaHJvbWFTdWJzYW1wbGluZyI6IjQ6NDo0In0sInJlc2l6ZSI6eyJ3aWR0aCI6MzE2LCJoZWlnaHQiOjQ3NH19fQ==
Need for Speed™ Most Wanted,https://ggapp.io/games/Ed0a74/need-for-speed-tm-most-wanted,https://d2d2z3qzqjizpf.cloudfront.net/eyJidWNrZXQiOiJnZ2FwcCIsImtleSI6Im1lZGlhL2dhbWVzL0VkMGE3NC85ZGJlZTEzYS03YjM1LTQyZjUtYTUzYy01ZjNlNmNmMmEwMWYuanBnIiwiZWRpdHMiOnsidG9Gb3JtYXQiOiJqcGciLCJqcGVnIjp7InF1YWxpdHkiOjgwLCJjaHJvbWFTdWJzYW1wbGluZyI6IjQ6NDo0In0sInJlc2l6ZSI6eyJ3aWR0aCI6MzE2LCJoZWlnaHQiOjQ3NH19fQ==
Need for Speed: Carbon,https://ggapp.io/games/zR7SrO/need-for-speed-carbon,https://d2d2z3qzqjizpf.cloudfront.net/eyJidWNrZXQiOiJnZ2FwcCIsImtleSI6Im1lZGlhL2dhbWVzL3pSN1NyTy8yMGYyYzlhYS1mMzI0LTQwYjAtOTA2OC1iYWE1YjIzNmY3MDkucG5nIiwiZWRpdHMiOnsidG9Gb3JtYXQiOiJqcGciLCJqcGVnIjp7InF1YWxpdHkiOjgwLCJjaHJvbWFTdWJzYW1wbGluZyI6IjQ6NDo0In0sInJlc2l6ZSI6eyJ3aWR0aCI6MzE2LCJoZWlnaHQiOjQ3NH19fQ==
Need for Speed: Underground,https://ggapp.io/games/tHvwu7/need-for-speed-underground,https://d2d2z3qzqjizpf.cloudfront.net/eyJidWNrZXQiOiJnZ2FwcCIsImtleSI6Im1lZGlhL2dhbWVzL3RIdnd1Ny8xNjhmYWQxYi1kZTM1LTQ5ZTQtYjYxMS00MzBjZGRmN2Q3OGEuanBnIiwiZWRpdHMiOnsidG9Gb3JtYXQiOiJqcGciLCJqcGVnIjp7InF1YWxpdHkiOjgwLCJjaHJvbWFTdWJzYW1wbGluZyI6IjQ6NDo0In0sInJlc2l6ZSI6eyJ3aWR0aCI6MzE2LCJoZWlnaHQiOjQ3NH19fQ==
Need for Speed™ Payback,https://ggapp.io/games/KfYTDX/need-for-speed-tm-payback,https://d2d2z3qzqjizpf.cloudfront.net/eyJidWNrZXQiOiJnZ2FwcCIsImtleSI6Im1lZGlhL2dhbWVzL0tmWVREWC85MTY4NzJiZS1mMzUwLTRmODgtYjVjNC0zODMzYjE3ZDk2M2YuanBnIiwiZWRpdHMiOnsidG9Gb3JtYXQiOiJqcGciLCJqcGVnIjp7InF1YWxpdHkiOjgwLCJjaHJvbWFTdWJzYW1wbGluZyI6IjQ6NDo0In0sInJlc2l6ZSI6eyJ3aWR0aCI6MzE2LCJoZWlnaHQiOjQ3NH19fQ==
A Plague Tale: Innocence,https://ggapp.io/games/MxSX5e/a-plague-tale-innocence,https://d2d2z3qzqjizpf.cloudfront.net/eyJidWNrZXQiOiJnZ2FwcCIsImtleSI6Im1lZGlhL2dhbWVzL014U1g1ZS9mNDA5NWQyNS05Mjc0LTRhMzAtOTc1OC1jNjE1NWNkYWFmNjMuanBnIiwiZWRpdHMiOnsidG9Gb3JtYXQiOiJqcGciLCJqcGVnIjp7InF1YWxpdHkiOjgwLCJjaHJvbWFTdWJzYW1wbGluZyI6IjQ6NDo0In0sInJlc2l6ZSI6eyJ3aWR0aCI6MzE2LCJoZWlnaHQiOjQ3NH19fQ==
Wolfenstein: The New Order,https://ggapp.io/games/GUsEAW/wolfenstein-the-new-order,https://d2d2z3qzqjizpf.cloudfront.net/eyJidWNrZXQiOiJnZ2FwcCIsImtleSI6Im1lZGlhL2dhbWVzL0dVc0VBVy9lNGJiOGVlNC04ZWNlLTRjYzMtYTZmYS01MTcyMmJmMWU0MGQuanBnIiwiZWRpdHMiOnsidG9Gb3JtYXQiOiJqcGciLCJqcGVnIjp7InF1YWxpdHkiOjgwLCJjaHJvbWFTdWJzYW1wbGluZyI6IjQ6NDo0In0sInJlc2l6ZSI6eyJ3aWR0aCI6MzE2LCJoZWlnaHQiOjQ3NH19fQ==
Enslaved: Odyssey to the West,https://ggapp.io/games/yEme3u/enslaved-odyssey-to-the-west,https://d2d2z3qzqjizpf.cloudfront.net/eyJidWNrZXQiOiJnZ2FwcCIsImtleSI6Im1lZGlhL2dhbWVzL3lFbWUzdS9mNTM5YzUzZC03Mzk4LTQ4MjMtOTJkOC0zOTVlMWQ0NDk5MTcuanBnIiwiZWRpdHMiOnsidG9Gb3JtYXQiOiJqcGciLCJqcGVnIjp7InF1YWxpdHkiOjgwLCJjaHJvbWFTdWJzYW1wbGluZyI6IjQ6NDo0In0sInJlc2l6ZSI6eyJ3aWR0aCI6MzE2LCJoZWlnaHQiOjQ3NH19fQ==
Portal,https://ggapp.io/games/i9BAKV/portal,https://d2d2z3qzqjizpf.cloudfront.net/eyJidWNrZXQiOiJnZ2FwcCIsImtleSI6Im1lZGlhL2dhbWVzL2k5QkFLVi83NTZiMWM1MS1iNWJiLTRhNzQtOGZjNy1iMzRmNjM1MmI3Y2QuanBnIiwiZWRpdHMiOnsidG9Gb3JtYXQiOiJqcGciLCJqcGVnIjp7InF1YWxpdHkiOjgwLCJjaHJvbWFTdWJzYW1wbGluZyI6IjQ6NDo0In0sInJlc2l6ZSI6eyJ3aWR0aCI6MzE2LCJoZWlnaHQiOjQ3NH19fQ==
Portal 2,https://ggapp.io/games/ZRkyBf/portal-2,https://d2d2z3qzqjizpf.cloudfront.net/eyJidWNrZXQiOiJnZ2FwcCIsImtleSI6Im1lZGlhL2dhbWVzL1pSa3lCZi83N2RmYmZkNC03MTc4LTRhMDgtYmI3Mi05MmNkODNjYWI4YWMuanBnIiwiZWRpdHMiOnsidG9Gb3JtYXQiOiJqcGciLCJqcGVnIjp7InF1YWxpdHkiOjgwLCJjaHJvbWFTdWJzYW1wbGluZyI6IjQ6NDo0In0sInJlc2l6ZSI6eyJ3aWR0aCI6MzE2LCJoZWlnaHQiOjQ3NH19fQ==
STAR WARS Jedi: Fallen Order™,https://ggapp.io/games/lA87v1/star-wars-jedi-fallen-order-tm,https://d2d2z3qzqjizpf.cloudfront.net/eyJidWNrZXQiOiJnZ2FwcCIsImtleSI6Im1lZGlhL2dhbWVzL2xBODd2MS9lNzBhNWUxMy1kYWZhLTQxMDYtYTU0Ni1kYjIyZTM0OTA1ZDUuanBnIiwiZWRpdHMiOnsidG9Gb3JtYXQiOiJqcGciLCJqcGVnIjp7InF1YWxpdHkiOjgwLCJjaHJvbWFTdWJzYW1wbGluZyI6IjQ6NDo0In0sInJlc2l6ZSI6eyJ3aWR0aCI6MzE2LCJoZWlnaHQiOjQ3NH19fQ==
Pokémon Legends: Arceus,https://ggapp.io/games/L5kDaD/pokemon-legends-arceus,https://d2d2z3qzqjizpf.cloudfront.net/eyJidWNrZXQiOiJnZ2FwcCIsImtleSI6Im1lZGlhL2dhbWVzL0w1a0RhRC82ZDRlMzkzNi1lN2JmLTQyY2EtOGEyZC1mYjBiMDdmY2NjZTEucG5nIiwiZWRpdHMiOnsidG9Gb3JtYXQiOiJqcGciLCJqcGVnIjp7InF1YWxpdHkiOjgwLCJjaHJvbWFTdWJzYW1wbGluZyI6IjQ6NDo0In0sInJlc2l6ZSI6eyJ3aWR0aCI6MzE2LCJoZWlnaHQiOjQ3NH19fQ==
Kirby: Triple Deluxe,https://ggapp.io/games/SXN4aE/kirby-triple-deluxe,https://d2d2z3qzqjizpf.cloudfront.net/eyJidWNrZXQiOiJnZ2FwcCIsImtleSI6Im1lZGlhL2dhbWVzL1NYTjRhRS9iYWVkNDhmMy0zZjE2LTQyYzktYjA0Ny02NGFjOTk1NjFmZTcucG5nIiwiZWRpdHMiOnsidG9Gb3JtYXQiOiJqcGciLCJqcGVnIjp7InF1YWxpdHkiOjgwLCJjaHJvbWFTdWJzYW1wbGluZyI6IjQ6NDo0In0sInJlc2l6ZSI6eyJ3aWR0aCI6MzE2LCJoZWlnaHQiOjQ3NH19fQ==
Resident Evil 4,https://ggapp.io/games/WCRcac/resident-evil-4,https://d2d2z3qzqjizpf.cloudfront.net/eyJidWNrZXQiOiJnZ2FwcCIsImtleSI6Im1lZGlhL2dhbWVzL1dDUmNhYy9mZTIxMDIxZC1hZTFiLTQxNzctODlmOS1kYTAxNGFiMjk2ZDMuanBnIiwiZWRpdHMiOnsidG9Gb3JtYXQiOiJqcGciLCJqcGVnIjp7InF1YWxpdHkiOjgwLCJjaHJvbWFTdWJzYW1wbGluZyI6IjQ6NDo0In0sInJlc2l6ZSI6eyJ3aWR0aCI6MzE2LCJoZWlnaHQiOjQ3NH19fQ==
Resident Evil,https://ggapp.io/games/YMVOoY/resident-evil,https://d2d2z3qzqjizpf.cloudfront.net/eyJidWNrZXQiOiJnZ2FwcCIsImtleSI6Im1lZGlhL2dhbWVzL1lNVk9vWS8yZWRiMjE5ZC1iMDA4LTQ3MTgtYWIyNy1lMWUzNDQ5NDRmMTUucG5nIiwiZWRpdHMiOnsidG9Gb3JtYXQiOiJqcGciLCJqcGVnIjp7InF1YWxpdHkiOjgwLCJjaHJvbWFTdWJzYW1wbGluZyI6IjQ6NDo0In0sInJlc2l6ZSI6eyJ3aWR0aCI6MzE2LCJoZWlnaHQiOjQ3NH19fQ==
Resident Evil,https://ggapp.io/games/RW4xcL/resident-evil,https://d2d2z3qzqjizpf.cloudfront.net/eyJidWNrZXQiOiJnZ2FwcCIsImtleSI6Im1lZGlhL2dhbWVzL1JXNHhjTC9kMDI4YjA2Ni01ZDYzLTQ5NDEtODM0OS1iNWY0ZjgzOWZiM2YucG5nIiwiZWRpdHMiOnsidG9Gb3JtYXQiOiJqcGciLCJqcGVnIjp7InF1YWxpdHkiOjgwLCJjaHJvbWFTdWJzYW1wbGluZyI6IjQ6NDo0In0sInJlc2l6ZSI6eyJ3aWR0aCI6MzE2LCJoZWlnaHQiOjQ3NH19fQ==
God of War III,https://ggapp.io/games/FURmwe/god-of-war-iii,https://d2d2z3qzqjizpf.cloudfront.net/eyJidWNrZXQiOiJnZ2FwcCIsImtleSI6Im1lZGlhL2dhbWVzL0ZVUm13ZS9kNDQ2MTY3ZC05MGNkLTRmNzUtYmU2OS1mZDFiOGExMjI4OTkuanBnIiwiZWRpdHMiOnsidG9Gb3JtYXQiOiJqcGciLCJqcGVnIjp7InF1YWxpdHkiOjgwLCJjaHJvbWFTdWJzYW1wbGluZyI6IjQ6NDo0In0sInJlc2l6ZSI6eyJ3aWR0aCI6MzE2LCJoZWlnaHQiOjQ3NH19fQ==
God of War II,https://ggapp.io/games/W5iqPY/god-of-war-ii,https://d2d2z3qzqjizpf.cloudfront.net/eyJidWNrZXQiOiJnZ2FwcCIsImtleSI6Im1lZGlhL2dhbWVzL1c1aXFQWS9lMjM0YjgyZS0zMWM0LTQ0YTMtYjQ0Zi0wZjM0NDJkOGI3ZGYucG5nIiwiZWRpdHMiOnsidG9Gb3JtYXQiOiJqcGciLCJqcGVnIjp7InF1YWxpdHkiOjgwLCJjaHJvbWFTdWJzYW1wbGluZyI6IjQ6NDo0In0sInJlc2l6ZSI6eyJ3aWR0aCI6MzE2LCJoZWlnaHQiOjQ3NH19fQ==
God of War: Chains of Olympus,https://ggapp.io/games/tDMp06/god-of-war-chains-of-olympus,https://d2d2z3qzqjizpf.cloudfront.net/eyJidWNrZXQiOiJnZ2FwcCIsImtleSI6Im1lZGlhL2dhbWVzL3RETXAwNi82MDc1NjJhNS00YTk0LTQ1NGYtODBmNi0wZTcyNTVkZWJiNTIucG5nIiwiZWRpdHMiOnsidG9Gb3JtYXQiOiJqcGciLCJqcGVnIjp7InF1YWxpdHkiOjgwLCJjaHJvbWFTdWJzYW1wbGluZyI6IjQ6NDo0In0sInJlc2l6ZSI6eyJ3aWR0aCI6MzE2LCJoZWlnaHQiOjQ3NH19fQ==
God of War,https://ggapp.io/games/HH0sI1/god-of-war,https://d2d2z3qzqjizpf.cloudfront.net/eyJidWNrZXQiOiJnZ2FwcCIsImtleSI6Im1lZGlhL2dhbWVzL0hIMHNJMS8wYWE4ZWI2NS1kNzhmLTRiMGEtYTVmMC02NDUyNGNhZGYxOWIucG5nIiwiZWRpdHMiOnsidG9Gb3JtYXQiOiJqcGciLCJqcGVnIjp7InF1YWxpdHkiOjgwLCJjaHJvbWFTdWJzYW1wbGluZyI6IjQ6NDo0In0sInJlc2l6ZSI6eyJ3aWR0aCI6MzE2LCJoZWlnaHQiOjQ3NH19fQ==
Final Fantasy VII Remake: EPISODE INTERmission,https://ggapp.io/games/FJLL3f/final-fantasy-vii-remake-episode-intermission,https://d2d2z3qzqjizpf.cloudfront.net/eyJidWNrZXQiOiJnZ2FwcCIsImtleSI6Im1lZGlhL2dhbWVzL0ZKTEwzZi9lZDhlZTQ3YS0xMjhkLTQ2MjItYWM3MC1kMzgxOGZkYTk2M2YucG5nIiwiZWRpdHMiOnsidG9Gb3JtYXQiOiJqcGciLCJqcGVnIjp7InF1YWxpdHkiOjgwLCJjaHJvbWFTdWJzYW1wbGluZyI6IjQ6NDo0In0sInJlc2l6ZSI6eyJ3aWR0aCI6MzE2LCJoZWlnaHQiOjQ3NH19fQ==
FINAL FANTASY VII,https://ggapp.io/games/RNCt8J/final-fantasy-vii,https://d2d2z3qzqjizpf.cloudfront.net/eyJidWNrZXQiOiJnZ2FwcCIsImtleSI6Im1lZGlhL2dhbWVzL1JOQ3Q4Si9jYzhjYzBmNS02ZjMyLTQzZTMtOGI4NS03NzU0YWE3NThmMzMuanBnIiwiZWRpdHMiOnsidG9Gb3JtYXQiOiJqcGciLCJqcGVnIjp7InF1YWxpdHkiOjgwLCJjaHJvbWFTdWJzYW1wbGluZyI6IjQ6NDo0In0sInJlc2l6ZSI6eyJ3aWR0aCI6MzE2LCJoZWlnaHQiOjQ3NH19fQ==
Silent Hill,https://ggapp.io/games/MTyMMN/silent-hill,https://d2d2z3qzqjizpf.cloudfront.net/eyJidWNrZXQiOiJnZ2FwcCIsImtleSI6Im1lZGlhL2dhbWVzL01UeU1NTi80MmQ1MjBiMS01N2E3LTQ5NmYtYjk0NC1hYmFjODc0MDU5MzQucG5nIiwiZWRpdHMiOnsidG9Gb3JtYXQiOiJqcGciLCJqcGVnIjp7InF1YWxpdHkiOjgwLCJjaHJvbWFTdWJzYW1wbGluZyI6IjQ6NDo0In0sInJlc2l6ZSI6eyJ3aWR0aCI6MzE2LCJoZWlnaHQiOjQ3NH19fQ==
Silent Hill 2,https://ggapp.io/games/8hhUxE/silent-hill-2,https://d2d2z3qzqjizpf.cloudfront.net/eyJidWNrZXQiOiJnZ2FwcCIsImtleSI6Im1lZGlhL2dhbWVzLzhoaFV4RS80MTY1NTEzYi03NGFkLTQzZTQtYmE2YS0zMzJiMDYwOTA1MTcucG5nIiwiZWRpdHMiOnsidG9Gb3JtYXQiOiJqcGciLCJqcGVnIjp7InF1YWxpdHkiOjgwLCJjaHJvbWFTdWJzYW1wbGluZyI6IjQ6NDo0In0sInJlc2l6ZSI6eyJ3aWR0aCI6MzE2LCJoZWlnaHQiOjQ3NH19fQ==
Super Mario 3D Land,https://ggapp.io/games/xGmSV3/super-mario-3d-land,https://d2d2z3qzqjizpf.cloudfront.net/eyJidWNrZXQiOiJnZ2FwcCIsImtleSI6Im1lZGlhL2dhbWVzL3hHbVNWMy9mYzlhOTExMC1lZGRiLTQ1ODAtODA1NC1jODU4MjBiMjBlYTMucG5nIiwiZWRpdHMiOnsidG9Gb3JtYXQiOiJqcGciLCJqcGVnIjp7InF1YWxpdHkiOjgwLCJjaHJvbWFTdWJzYW1wbGluZyI6IjQ6NDo0In0sInJlc2l6ZSI6eyJ3aWR0aCI6MzE2LCJoZWlnaHQiOjQ3NH19fQ==
The World Ends with You,https://ggapp.io/games/XiBzS6/the-world-ends-with-you,https://d2d2z3qzqjizpf.cloudfront.net/eyJidWNrZXQiOiJnZ2FwcCIsImtleSI6Im1lZGlhL2dhbWVzL1hpQnpTNi82MWNiNDNmNC05ZGRkLTRjMDAtYjdmZS0wYjIzNTQxMDNkMWIucG5nIiwiZWRpdHMiOnsidG9Gb3JtYXQiOiJqcGciLCJqcGVnIjp7InF1YWxpdHkiOjgwLCJjaHJvbWFTdWJzYW1wbGluZyI6IjQ6NDo0In0sInJlc2l6ZSI6eyJ3aWR0aCI6MzE2LCJoZWlnaHQiOjQ3NH19fQ==
Crisis Core: Final Fantasy VII,https://ggapp.io/games/BDIIiP/crisis-core-final-fantasy-vii,https://d2d2z3qzqjizpf.cloudfront.net/eyJidWNrZXQiOiJnZ2FwcCIsImtleSI6Im1lZGlhL2dhbWVzL0JESUlpUC8yZTEwMTc1OS1kNWY5LTRiYzMtYmFkOC00MjhkZjA0NzY0ZTUucG5nIiwiZWRpdHMiOnsidG9Gb3JtYXQiOiJqcGciLCJqcGVnIjp7InF1YWxpdHkiOjgwLCJjaHJvbWFTdWJzYW1wbGluZyI6IjQ6NDo0In0sInJlc2l6ZSI6eyJ3aWR0aCI6MzE2LCJoZWlnaHQiOjQ3NH19fQ==
TRIANGLE STRATEGY,https://ggapp.io/games/tPeSaf/triangle-strategy,https://d2d2z3qzqjizpf.cloudfront.net/eyJidWNrZXQiOiJnZ2FwcCIsImtleSI6Im1lZGlhL2dhbWVzL3RQZVNhZi8wOWFiZjc2ZS05OWQ4LTRjN2MtOTQ5Yy04YWI5MTdmNzQ3YjkucG5nIiwiZWRpdHMiOnsidG9Gb3JtYXQiOiJqcGciLCJqcGVnIjp7InF1YWxpdHkiOjgwLCJjaHJvbWFTdWJzYW1wbGluZyI6IjQ6NDo0In0sInJlc2l6ZSI6eyJ3aWR0aCI6MzE2LCJoZWlnaHQiOjQ3NH19fQ==
NEO: The World Ends With You,https://ggapp.io/games/KcaXnU/neo-the-world-ends-with-you,https://d2d2z3qzqjizpf.cloudfront.net/eyJidWNrZXQiOiJnZ2FwcCIsImtleSI6Im1lZGlhL2dhbWVzL0tjYVhuVS8zOGE5Mzc0YS03OWZkLTRlMjktOThiZi1lYTNiMDBlMDc4MmYucG5nIiwiZWRpdHMiOnsidG9Gb3JtYXQiOiJqcGciLCJqcGVnIjp7InF1YWxpdHkiOjgwLCJjaHJvbWFTdWJzYW1wbGluZyI6IjQ6NDo0In0sInJlc2l6ZSI6eyJ3aWR0aCI6MzE2LCJoZWlnaHQiOjQ3NH19fQ==
Child of Light,https://ggapp.io/games/Ys74Qo/child-of-light,https://d2d2z3qzqjizpf.cloudfront.net/eyJidWNrZXQiOiJnZ2FwcCIsImtleSI6Im1lZGlhL2dhbWVzL1lzNzRRby8zYTE0ZjQ4NS01NGU3LTQ0NTktODBmOS1mMjlhNmIyOWJiYWQucG5nIiwiZWRpdHMiOnsidG9Gb3JtYXQiOiJqcGciLCJqcGVnIjp7InF1YWxpdHkiOjgwLCJjaHJvbWFTdWJzYW1wbGluZyI6IjQ6NDo0In0sInJlc2l6ZSI6eyJ3aWR0aCI6MzE2LCJoZWlnaHQiOjQ3NH19fQ==
WarioWare: Get It Together!,https://ggapp.io/games/kRgMOE/warioware-get-it-together,https://d2d2z3qzqjizpf.cloudfront.net/eyJidWNrZXQiOiJnZ2FwcCIsImtleSI6Im1lZGlhL2dhbWVzL2tSZ01PRS8xZjg2ZWQ3Mi01Y2EyLTQ4YjEtYTI4Ni1mNWM2ZDI4N2E1N2IucG5nIiwiZWRpdHMiOnsidG9Gb3JtYXQiOiJqcGciLCJqcGVnIjp7InF1YWxpdHkiOjgwLCJjaHJvbWFTdWJzYW1wbGluZyI6IjQ6NDo0In0sInJlc2l6ZSI6eyJ3aWR0aCI6MzE2LCJoZWlnaHQiOjQ3NH19fQ==
Xenoblade Chronicles 2: Torna - The Golden Country,https://ggapp.io/games/lJJGUu/xenoblade-chronicles-2-torna-the-golden-country,https://d2d2z3qzqjizpf.cloudfront.net/eyJidWNrZXQiOiJnZ2FwcCIsImtleSI6Im1lZGlhL2dhbWVzL2xKSkdVdS9jMTAxNzNmOS1jYTEyLTRjMDQtOTM4Ny0wNTBiNGY4NTlkNWIucG5nIiwiZWRpdHMiOnsidG9Gb3JtYXQiOiJqcGciLCJqcGVnIjp7InF1YWxpdHkiOjgwLCJjaHJvbWFTdWJzYW1wbGluZyI6IjQ6NDo0In0sInJlc2l6ZSI6eyJ3aWR0aCI6MzE2LCJoZWlnaHQiOjQ3NH19fQ==
Xenoblade Chronicles 2,https://ggapp.io/games/077Jjk/xenoblade-chronicles-2,https://d2d2z3qzqjizpf.cloudfront.net/eyJidWNrZXQiOiJnZ2FwcCIsImtleSI6Im1lZGlhL2dhbWVzLzA3N0pqay9lOTM4NzY5Ny1mZDBlLTRkZGItOWYxYS1hMTJhNmQwOTRmMGIucG5nIiwiZWRpdHMiOnsidG9Gb3JtYXQiOiJqcGciLCJqcGVnIjp7InF1YWxpdHkiOjgwLCJjaHJvbWFTdWJzYW1wbGluZyI6IjQ6NDo0In0sInJlc2l6ZSI6eyJ3aWR0aCI6MzE2LCJoZWlnaHQiOjQ3NH19fQ==
Doki Doki Literature Club Plus!,https://ggapp.io/games/DfG4Rc/doki-doki-literature-club-plus,https://d2d2z3qzqjizpf.cloudfront.net/eyJidWNrZXQiOiJnZ2FwcCIsImtleSI6Im1lZGlhL2dhbWVzL0RmRzRSYy8zZjZmNTZiNC1hOWU0LTQ2NjctYWE4Ni1jOTdjMTVjMGE5ZDcuanBnIiwiZWRpdHMiOnsidG9Gb3JtYXQiOiJqcGciLCJqcGVnIjp7InF1YWxpdHkiOjgwLCJjaHJvbWFTdWJzYW1wbGluZyI6IjQ6NDo0In0sInJlc2l6ZSI6eyJ3aWR0aCI6MzE2LCJoZWlnaHQiOjQ3NH19fQ==
Sayonara Wild Hearts,https://ggapp.io/games/k0XFfd/sayonara-wild-hearts,https://d2d2z3qzqjizpf.cloudfront.net/eyJidWNrZXQiOiJnZ2FwcCIsImtleSI6Im1lZGlhL2dhbWVzL2swWEZmZC8xZmI3NzZmOS0wMzE4LTQ3MGMtOTlmNy0zYWM5MGIyODU5ZDkuanBnIiwiZWRpdHMiOnsidG9Gb3JtYXQiOiJqcGciLCJqcGVnIjp7InF1YWxpdHkiOjgwLCJjaHJvbWFTdWJzYW1wbGluZyI6IjQ6NDo0In0sInJlc2l6ZSI6eyJ3aWR0aCI6MzE2LCJoZWlnaHQiOjQ3NH19fQ==
Kingdom Hearts: Melody of Memory,https://ggapp.io/games/Afl6UI/kingdom-hearts-melody-of-memory,https://d2d2z3qzqjizpf.cloudfront.net/eyJidWNrZXQiOiJnZ2FwcCIsImtleSI6Im1lZGlhL2dhbWVzL0FmbDZVSS84YmMyZDcwNy0yOTdlLTRkMTUtYjg4Mi1jNjJkMDliZDhkMDEucG5nIiwiZWRpdHMiOnsidG9Gb3JtYXQiOiJqcGciLCJqcGVnIjp7InF1YWxpdHkiOjgwLCJjaHJvbWFTdWJzYW1wbGluZyI6IjQ6NDo0In0sInJlc2l6ZSI6eyJ3aWR0aCI6MzE2LCJoZWlnaHQiOjQ3NH19fQ==
Paper Mario: The Origami King,https://ggapp.io/games/HtqMAz/paper-mario-the-origami-king,https://d2d2z3qzqjizpf.cloudfront.net/eyJidWNrZXQiOiJnZ2FwcCIsImtleSI6Im1lZGlhL2dhbWVzL0h0cU1Bei9mOGViZjg2NC04NmU3LTQzOTAtODU4MS1mNjY2MjczODkyNTUucG5nIiwiZWRpdHMiOnsidG9Gb3JtYXQiOiJqcGciLCJqcGVnIjp7InF1YWxpdHkiOjgwLCJjaHJvbWFTdWJzYW1wbGluZyI6IjQ6NDo0In0sInJlc2l6ZSI6eyJ3aWR0aCI6MzE2LCJoZWlnaHQiOjQ3NH19fQ==
Star Fox Adventures,https://ggapp.io/games/CxFICk/star-fox-adventures,https://d2d2z3qzqjizpf.cloudfront.net/eyJidWNrZXQiOiJnZ2FwcCIsImtleSI6Im1lZGlhL2dhbWVzL0N4RklDay9hZTI0NjZiOS02ZGYyLTRiZTAtODM4MC02NmJmOTc1MjQxMDEuanBnIiwiZWRpdHMiOnsidG9Gb3JtYXQiOiJqcGciLCJqcGVnIjp7InF1YWxpdHkiOjgwLCJjaHJvbWFTdWJzYW1wbGluZyI6IjQ6NDo0In0sInJlc2l6ZSI6eyJ3aWR0aCI6MzE2LCJoZWlnaHQiOjQ3NH19fQ==
Tomb Raider,https://ggapp.io/games/0nz4uJ/tomb-raider,https://d2d2z3qzqjizpf.cloudfront.net/eyJidWNrZXQiOiJnZ2FwcCIsImtleSI6Im1lZGlhL2dhbWVzLzBuejR1Si8yZDJjN2U4Ni03YTM0LTQ2NTUtOWU4NC1lYTQxN2ZmNGQwMmEucG5nIiwiZWRpdHMiOnsidG9Gb3JtYXQiOiJqcGciLCJqcGVnIjp7InF1YWxpdHkiOjgwLCJjaHJvbWFTdWJzYW1wbGluZyI6IjQ6NDo0In0sInJlc2l6ZSI6eyJ3aWR0aCI6MzE2LCJoZWlnaHQiOjQ3NH19fQ==
Final Fantasy VII Remake,https://ggapp.io/games/D8Kpfc/final-fantasy-vii-remake,https://d2d2z3qzqjizpf.cloudfront.net/eyJidWNrZXQiOiJnZ2FwcCIsImtleSI6Im1lZGlhL2dhbWVzL0Q4S3BmYy8zOGU2MzViMi0xNmNlLTQ1ZmUtOTk3Yi1mOTcwMzdmNWQ0ZjUucG5nIiwiZWRpdHMiOnsidG9Gb3JtYXQiOiJqcGciLCJqcGVnIjp7InF1YWxpdHkiOjgwLCJjaHJvbWFTdWJzYW1wbGluZyI6IjQ6NDo0In0sInJlc2l6ZSI6eyJ3aWR0aCI6MzE2LCJoZWlnaHQiOjQ3NH19fQ==
Metroid: Zero Mission,https://ggapp.io/games/8LNOVZ/metroid-zero-mission,https://d2d2z3qzqjizpf.cloudfront.net/eyJidWNrZXQiOiJnZ2FwcCIsImtleSI6Im1lZGlhL2dhbWVzLzhMTk9WWi82NDQ4Yjg1YS04ZmU4LTQyNzItOTE3NS0xNGNkZWU2OWJiYWYucG5nIiwiZWRpdHMiOnsidG9Gb3JtYXQiOiJqcGciLCJqcGVnIjp7InF1YWxpdHkiOjgwLCJjaHJvbWFTdWJzYW1wbGluZyI6IjQ6NDo0In0sInJlc2l6ZSI6eyJ3aWR0aCI6MzE2LCJoZWlnaHQiOjQ3NH19fQ==
Metroid Dread,https://ggapp.io/games/A0rsvv/metroid-dread,https://d2d2z3qzqjizpf.cloudfront.net/eyJidWNrZXQiOiJnZ2FwcCIsImtleSI6Im1lZGlhL2dhbWVzL0EwcnN2di83MDE3MzZlMS0zMjJkLTRhN2QtYWE5OS1hZjAxZGFjYzkwYWIucG5nIiwiZWRpdHMiOnsidG9Gb3JtYXQiOiJqcGciLCJqcGVnIjp7InF1YWxpdHkiOjgwLCJjaHJvbWFTdWJzYW1wbGluZyI6IjQ6NDo0In0sInJlc2l6ZSI6eyJ3aWR0aCI6MzE2LCJoZWlnaHQiOjQ3NH19fQ==
FANTASIAN,https://ggapp.io/games/kgbKNC/fantasian,https://d2d2z3qzqjizpf.cloudfront.net/eyJidWNrZXQiOiJnZ2FwcCIsImtleSI6Im1lZGlhL2dhbWVzL2tnYktOQy85ODM3NzM0Mi05M2UyLTQxZjgtYmRlMy0yOTdmNzllZmE0MjcuanBnIiwiZWRpdHMiOnsidG9Gb3JtYXQiOiJqcGciLCJqcGVnIjp7InF1YWxpdHkiOjgwLCJjaHJvbWFTdWJzYW1wbGluZyI6IjQ6NDo0In0sInJlc2l6ZSI6eyJ3aWR0aCI6MzE2LCJoZWlnaHQiOjQ3NH19fQ==
Bayonetta 2,https://ggapp.io/games/guCgGH/bayonetta-2,https://d2d2z3qzqjizpf.cloudfront.net/eyJidWNrZXQiOiJnZ2FwcCIsImtleSI6Im1lZGlhL2dhbWVzL2d1Q2dHSC9hZmZmNTMyNS1jZjE5LTRlODktYWFhNi05OWFmNGUwMzc3NzIucG5nIiwiZWRpdHMiOnsidG9Gb3JtYXQiOiJqcGciLCJqcGVnIjp7InF1YWxpdHkiOjgwLCJjaHJvbWFTdWJzYW1wbGluZyI6IjQ6NDo0In0sInJlc2l6ZSI6eyJ3aWR0aCI6MzE2LCJoZWlnaHQiOjQ3NH19fQ==
Bayonetta,https://ggapp.io/games/GNUEKO/bayonetta,https://d2d2z3qzqjizpf.cloudfront.net/eyJidWNrZXQiOiJnZ2FwcCIsImtleSI6Im1lZGlhL2dhbWVzL0dOVUVLTy8zMDNiZTJjYS1jOWRiLTQyODgtOTVmOS05ZDM3NGFhMjkyMGEuanBnIiwiZWRpdHMiOnsidG9Gb3JtYXQiOiJqcGciLCJqcGVnIjp7InF1YWxpdHkiOjgwLCJjaHJvbWFTdWJzYW1wbGluZyI6IjQ6NDo0In0sInJlc2l6ZSI6eyJ3aWR0aCI6MzE2LCJoZWlnaHQiOjQ3NH19fQ==
Donkey Kong Country 2: Diddy's Kong Quest,https://ggapp.io/games/EvWYy2/donkey-kong-country-2-diddys-kong-quest,https://d2d2z3qzqjizpf.cloudfront.net/eyJidWNrZXQiOiJnZ2FwcCIsImtleSI6Im1lZGlhL2dhbWVzL0V2V1l5Mi84NmZhZjQ0MC0xYzg5LTQ2ZDItYjQwMy03N2EzN2MzOTUwOTcuanBnIiwiZWRpdHMiOnsidG9Gb3JtYXQiOiJqcGciLCJqcGVnIjp7InF1YWxpdHkiOjgwLCJjaHJvbWFTdWJzYW1wbGluZyI6IjQ6NDo0In0sInJlc2l6ZSI6eyJ3aWR0aCI6MzE2LCJoZWlnaHQiOjQ3NH19fQ==
Donkey Kong Country,https://ggapp.io/games/6TF6Lx/donkey-kong-country,https://d2d2z3qzqjizpf.cloudfront.net/eyJidWNrZXQiOiJnZ2FwcCIsImtleSI6Im1lZGlhL2dhbWVzLzZURjZMeC85ODYxNTExYS03N2EyLTRmYTAtYmQyYS1iZTgwZmUyYmRkZDQuanBnIiwiZWRpdHMiOnsidG9Gb3JtYXQiOiJqcGciLCJqcGVnIjp7InF1YWxpdHkiOjgwLCJjaHJvbWFTdWJzYW1wbGluZyI6IjQ6NDo0In0sInJlc2l6ZSI6eyJ3aWR0aCI6MzE2LCJoZWlnaHQiOjQ3NH19fQ==
Kirby & The Amazing Mirror,https://ggapp.io/games/P5VuJU/kirby-the-amazing-mirror,https://d2d2z3qzqjizpf.cloudfront.net/eyJidWNrZXQiOiJnZ2FwcCIsImtleSI6Im1lZGlhL2dhbWVzL1A1VnVKVS82ZDQwZmJjMS05MTIyLTQ2ZDItODc1ZS1kOWIxMGMxMDFhZmIucG5nIiwiZWRpdHMiOnsidG9Gb3JtYXQiOiJqcGciLCJqcGVnIjp7InF1YWxpdHkiOjgwLCJjaHJvbWFTdWJzYW1wbGluZyI6IjQ6NDo0In0sInJlc2l6ZSI6eyJ3aWR0aCI6MzE2LCJoZWlnaHQiOjQ3NH19fQ==
New Pokémon Snap,https://ggapp.io/games/x23KB7/new-pokemon-snap,https://d2d2z3qzqjizpf.cloudfront.net/eyJidWNrZXQiOiJnZ2FwcCIsImtleSI6Im1lZGlhL2dhbWVzL3gyM0tCNy81ZWE2MTUyNS1jY2Y2LTQ1NzctOGZlYi1kYjMxYjgyYThiNTEuanBnIiwiZWRpdHMiOnsidG9Gb3JtYXQiOiJqcGciLCJqcGVnIjp7InF1YWxpdHkiOjgwLCJjaHJvbWFTdWJzYW1wbGluZyI6IjQ6NDo0In0sInJlc2l6ZSI6eyJ3aWR0aCI6MzE2LCJoZWlnaHQiOjQ3NH19fQ==
Yoshi,https://ggapp.io/games/RUotBD/yoshi,https://d2d2z3qzqjizpf.cloudfront.net/eyJidWNrZXQiOiJnZ2FwcCIsImtleSI6Im1lZGlhL2dhbWVzL1JVb3RCRC9iOTNmNGQ2Yy1hYzNhLTQyYjktOTUxZC0wZTZkOTFiNWNhNDIucG5nIiwiZWRpdHMiOnsidG9Gb3JtYXQiOiJqcGciLCJqcGVnIjp7InF1YWxpdHkiOjgwLCJjaHJvbWFTdWJzYW1wbGluZyI6IjQ6NDo0In0sInJlc2l6ZSI6eyJ3aWR0aCI6MzE2LCJoZWlnaHQiOjQ3NH19fQ==
Hollow Knight,https://ggapp.io/games/4h8c07/hollow-knight,https://d2d2z3qzqjizpf.cloudfront.net/eyJidWNrZXQiOiJnZ2FwcCIsImtleSI6Im1lZGlhL2dhbWVzLzRoOGMwNy8xMDBlMDJjYi1mMTM0LTQ1NjgtOGY3OS00MzUyYjI2MmM3YTEuanBnIiwiZWRpdHMiOnsidG9Gb3JtYXQiOiJqcGciLCJqcGVnIjp7InF1YWxpdHkiOjgwLCJjaHJvbWFTdWJzYW1wbGluZyI6IjQ6NDo0In0sInJlc2l6ZSI6eyJ3aWR0aCI6MzE2LCJoZWlnaHQiOjQ3NH19fQ==
Marvel Ultimate Alliance 3: The Black Order,https://ggapp.io/games/dmTs7v/marvel-ultimate-alliance-3-the-black-order,https://d2d2z3qzqjizpf.cloudfront.net/eyJidWNrZXQiOiJnZ2FwcCIsImtleSI6Im1lZGlhL2dhbWVzL2RtVHM3di83NmZhNDU5MS1iNjE3LTQ4OTQtOWU3MS04YTJlZjQ0MWI4MmIucG5nIiwiZWRpdHMiOnsidG9Gb3JtYXQiOiJqcGciLCJqcGVnIjp7InF1YWxpdHkiOjgwLCJjaHJvbWFTdWJzYW1wbGluZyI6IjQ6NDo0In0sInJlc2l6ZSI6eyJ3aWR0aCI6MzE2LCJoZWlnaHQiOjQ3NH19fQ==
Super Mario 3D World + Bowser's Fury,https://ggapp.io/games/Whvy2F/super-mario-3d-world-bowsers-fury,https://d2d2z3qzqjizpf.cloudfront.net/eyJidWNrZXQiOiJnZ2FwcCIsImtleSI6Im1lZGlhL2dhbWVzL1dodnkyRi9iM2JiYzk5Mi1iNzI1LTQwZGEtYmJlYy0wOWFlOGY1M2Q3NDUucG5nIiwiZWRpdHMiOnsidG9Gb3JtYXQiOiJqcGciLCJqcGVnIjp7InF1YWxpdHkiOjgwLCJjaHJvbWFTdWJzYW1wbGluZyI6IjQ6NDo0In0sInJlc2l6ZSI6eyJ3aWR0aCI6MzE2LCJoZWlnaHQiOjQ3NH19fQ==
Shadow of the Colossus,https://ggapp.io/games/ZnL5c3/shadow-of-the-colossus,https://d2d2z3qzqjizpf.cloudfront.net/eyJidWNrZXQiOiJnZ2FwcCIsImtleSI6Im1lZGlhL2dhbWVzL1puTDVjMy8wODJmYWEyOS0xNGE4LTRkM2ItODY1YS03NmU3ODVjOTU5ZTgucG5nIiwiZWRpdHMiOnsidG9Gb3JtYXQiOiJqcGciLCJqcGVnIjp7InF1YWxpdHkiOjgwLCJjaHJvbWFTdWJzYW1wbGluZyI6IjQ6NDo0In0sInJlc2l6ZSI6eyJ3aWR0aCI6MzE2LCJoZWlnaHQiOjQ3NH19fQ==
Ico,https://ggapp.io/games/ZZXv3S/ico,https://d2d2z3qzqjizpf.cloudfront.net/eyJidWNrZXQiOiJnZ2FwcCIsImtleSI6Im1lZGlhL2dhbWVzL1paWHYzUy83NmZmYWMzNy0xMjIwLTQ3MDYtOWU1NC1kMmIxN2QwZDAzMjQucG5nIiwiZWRpdHMiOnsidG9Gb3JtYXQiOiJqcGciLCJqcGVnIjp7InF1YWxpdHkiOjgwLCJjaHJvbWFTdWJzYW1wbGluZyI6IjQ6NDo0In0sInJlc2l6ZSI6eyJ3aWR0aCI6MzE2LCJoZWlnaHQiOjQ3NH19fQ==
Metroid Fusion,https://ggapp.io/games/A0xVR9/metroid-fusion,https://d2d2z3qzqjizpf.cloudfront.net/eyJidWNrZXQiOiJnZ2FwcCIsImtleSI6Im1lZGlhL2dhbWVzL0EweFZSOS9hYTNkNTMzOC0wNWRkLTQxMDMtODc2MS04NjhkMGJhMWJjZmYucG5nIiwiZWRpdHMiOnsidG9Gb3JtYXQiOiJqcGciLCJqcGVnIjp7InF1YWxpdHkiOjgwLCJjaHJvbWFTdWJzYW1wbGluZyI6IjQ6NDo0In0sInJlc2l6ZSI6eyJ3aWR0aCI6MzE2LCJoZWlnaHQiOjQ3NH19fQ==
Mario + Rabbids Kingdom Battle: Donkey Kong Adventure,https://ggapp.io/games/TgMGuq/mario-rabbids-kingdom-battle-donkey-kong-adventure,https://d2d2z3qzqjizpf.cloudfront.net/eyJidWNrZXQiOiJnZ2FwcCIsImtleSI6Im1lZGlhL2dhbWVzL1RnTUd1cS9hYWE5ZTMzYS1mY2ViLTQ4YTMtODc2Yy01M2E0NjUzYWZiNmYuanBnIiwiZWRpdHMiOnsidG9Gb3JtYXQiOiJqcGciLCJqcGVnIjp7InF1YWxpdHkiOjgwLCJjaHJvbWFTdWJzYW1wbGluZyI6IjQ6NDo0In0sInJlc2l6ZSI6eyJ3aWR0aCI6MzE2LCJoZWlnaHQiOjQ3NH19fQ==
Mario + Rabbids Kingdom Battle,https://ggapp.io/games/Uag9dj/mario-rabbids-kingdom-battle,https://d2d2z3qzqjizpf.cloudfront.net/eyJidWNrZXQiOiJnZ2FwcCIsImtleSI6Im1lZGlhL2dhbWVzL1VhZzlkai84NGQ0ZDQyZC05Nzg0LTRlZmEtOGJlNi04OGFlYTdiMTU2MTUucG5nIiwiZWRpdHMiOnsidG9Gb3JtYXQiOiJqcGciLCJqcGVnIjp7InF1YWxpdHkiOjgwLCJjaHJvbWFTdWJzYW1wbGluZyI6IjQ6NDo0In0sInJlc2l6ZSI6eyJ3aWR0aCI6MzE2LCJoZWlnaHQiOjQ3NH19fQ==
Resident Evil 3,https://ggapp.io/games/GhlKVa/resident-evil-3,https://d2d2z3qzqjizpf.cloudfront.net/eyJidWNrZXQiOiJnZ2FwcCIsImtleSI6Im1lZGlhL2dhbWVzL0dobEtWYS8yODRkOTdiNS0zZDBhLTQ2ZWYtYjg4Mi03ZDcyM2Q5OGEyOGUuanBnIiwiZWRpdHMiOnsidG9Gb3JtYXQiOiJqcGciLCJqcGVnIjp7InF1YWxpdHkiOjgwLCJjaHJvbWFTdWJzYW1wbGluZyI6IjQ6NDo0In0sInJlc2l6ZSI6eyJ3aWR0aCI6MzE2LCJoZWlnaHQiOjQ3NH19fQ==
Resident Evil 2,https://ggapp.io/games/xeUyNn/resident-evil-2,https://d2d2z3qzqjizpf.cloudfront.net/eyJidWNrZXQiOiJnZ2FwcCIsImtleSI6Im1lZGlhL2dhbWVzL3hlVXlObi8wOWMzYjU1NS0wYWU3LTQ0ODgtOGQ1NS05YTcyMjcwYzYwMzEuanBnIiwiZWRpdHMiOnsidG9Gb3JtYXQiOiJqcGciLCJqcGVnIjp7InF1YWxpdHkiOjgwLCJjaHJvbWFTdWJzYW1wbGluZyI6IjQ6NDo0In0sInJlc2l6ZSI6eyJ3aWR0aCI6MzE2LCJoZWlnaHQiOjQ3NH19fQ==
Resident Evil: HD Remaster,https://ggapp.io/games/grbuHV/resident-evil-hd-remaster,https://d2d2z3qzqjizpf.cloudfront.net/eyJidWNrZXQiOiJnZ2FwcCIsImtleSI6Im1lZGlhL2dhbWVzL2dyYnVIVi9mMThmMWRhNC0xMzA3LTQwYjMtYmYzNy1lZWMyMWJmNDNhYzIuanBnIiwiZWRpdHMiOnsidG9Gb3JtYXQiOiJqcGciLCJqcGVnIjp7InF1YWxpdHkiOjgwLCJjaHJvbWFTdWJzYW1wbGluZyI6IjQ6NDo0In0sInJlc2l6ZSI6eyJ3aWR0aCI6MzE2LCJoZWlnaHQiOjQ3NH19fQ==
Resident Evil 7 Biohazard,https://ggapp.io/games/DF0PAZ/resident-evil-7-biohazard,https://d2d2z3qzqjizpf.cloudfront.net/eyJidWNrZXQiOiJnZ2FwcCIsImtleSI6Im1lZGlhL2dhbWVzL0RGMFBBWi80OGFmZWMxZi1hMTYwLTQ4ZTktYTg0Mi1mNzk4Y2EwNWI5MzIucG5nIiwiZWRpdHMiOnsidG9Gb3JtYXQiOiJqcGciLCJqcGVnIjp7InF1YWxpdHkiOjgwLCJjaHJvbWFTdWJzYW1wbGluZyI6IjQ6NDo0In0sInJlc2l6ZSI6eyJ3aWR0aCI6MzE2LCJoZWlnaHQiOjQ3NH19fQ==
Castlevania: Aria of Sorrow,https://ggapp.io/games/G9er8N/castlevania-aria-of-sorrow,https://d2d2z3qzqjizpf.cloudfront.net/eyJidWNrZXQiOiJnZ2FwcCIsImtleSI6Im1lZGlhL2dhbWVzL0c5ZXI4Ti84YWZmM2JhMS02NDQ4LTQ2MGYtYmUwZS0xMzEzNDY4MWE2NDAucG5nIiwiZWRpdHMiOnsidG9Gb3JtYXQiOiJqcGciLCJqcGVnIjp7InF1YWxpdHkiOjgwLCJjaHJvbWFTdWJzYW1wbGluZyI6IjQ6NDo0In0sInJlc2l6ZSI6eyJ3aWR0aCI6MzE2LCJoZWlnaHQiOjQ3NH19fQ==
Pikmin 3 Deluxe,https://ggapp.io/games/rrmnlh/pikmin-3-deluxe,https://d2d2z3qzqjizpf.cloudfront.net/eyJidWNrZXQiOiJnZ2FwcCIsImtleSI6Im1lZGlhL2dhbWVzL3JybW5saC8zNzliYzE1ZC00YjFhLTQ4ZDktYjRkOC0xYzQzYmUwYjI4MWIucG5nIiwiZWRpdHMiOnsidG9Gb3JtYXQiOiJqcGciLCJqcGVnIjp7InF1YWxpdHkiOjgwLCJjaHJvbWFTdWJzYW1wbGluZyI6IjQ6NDo0In0sInJlc2l6ZSI6eyJ3aWR0aCI6MzE2LCJoZWlnaHQiOjQ3NH19fQ==
No More Heroes 2: Desperate Struggle,https://ggapp.io/games/K08BDZ/no-more-heroes-2-desperate-struggle,https://d2d2z3qzqjizpf.cloudfront.net/eyJidWNrZXQiOiJnZ2FwcCIsImtleSI6Im1lZGlhL2dhbWVzL0swOEJEWi9jNDhjYTcxZC1jY2ZiLTRiYTktYjgxYy1mZjk3YTIyZWFiNWUucG5nIiwiZWRpdHMiOnsidG9Gb3JtYXQiOiJqcGciLCJqcGVnIjp7InF1YWxpdHkiOjgwLCJjaHJvbWFTdWJzYW1wbGluZyI6IjQ6NDo0In0sInJlc2l6ZSI6eyJ3aWR0aCI6MzE2LCJoZWlnaHQiOjQ3NH19fQ==
No More Heroes,https://ggapp.io/games/nYrnsc/no-more-heroes,https://d2d2z3qzqjizpf.cloudfront.net/eyJidWNrZXQiOiJnZ2FwcCIsImtleSI6Im1lZGlhL2dhbWVzL25Zcm5zYy8zMjMwOWI3Mi04Mzg4LTQ2NTEtYjlkMC0yOGVmNDdlYzJmY2EuanBnIiwiZWRpdHMiOnsidG9Gb3JtYXQiOiJqcGciLCJqcGVnIjp7InF1YWxpdHkiOjgwLCJjaHJvbWFTdWJzYW1wbGluZyI6IjQ6NDo0In0sInJlc2l6ZSI6eyJ3aWR0aCI6MzE2LCJoZWlnaHQiOjQ3NH19fQ==
Ori and the Blind Forest,https://ggapp.io/games/LyVqDV/ori-and-the-blind-forest,https://d2d2z3qzqjizpf.cloudfront.net/eyJidWNrZXQiOiJnZ2FwcCIsImtleSI6Im1lZGlhL2dhbWVzL0x5VnFEVi80M2FhY2VjYy01ZDgwLTQ4ZTgtYmNmNy03MDQyNDk2MGM0ZjkucG5nIiwiZWRpdHMiOnsidG9Gb3JtYXQiOiJqcGciLCJqcGVnIjp7InF1YWxpdHkiOjgwLCJjaHJvbWFTdWJzYW1wbGluZyI6IjQ6NDo0In0sInJlc2l6ZSI6eyJ3aWR0aCI6MzE2LCJoZWlnaHQiOjQ3NH19fQ==
Hades,https://ggapp.io/games/ZvHR7z/hades,https://d2d2z3qzqjizpf.cloudfront.net/eyJidWNrZXQiOiJnZ2FwcCIsImtleSI6Im1lZGlhL2dhbWVzL1p2SFI3ei9kMDdhYjA5Mi1lZjU3LTQ4MDEtYmQ1NS02OTg1YjhmZWJhZGMuanBnIiwiZWRpdHMiOnsidG9Gb3JtYXQiOiJqcGciLCJqcGVnIjp7InF1YWxpdHkiOjgwLCJjaHJvbWFTdWJzYW1wbGluZyI6IjQ6NDo0In0sInJlc2l6ZSI6eyJ3aWR0aCI6MzE2LCJoZWlnaHQiOjQ3NH19fQ==
Tom Clancy's Ghost Recon® Wildlands,https://ggapp.io/games/DyEtYa/tom-clancys-ghost-recon-r-wildlands,https://d2d2z3qzqjizpf.cloudfront.net/eyJidWNrZXQiOiJnZ2FwcCIsImtleSI6Im1lZGlhL2dhbWVzL0R5RXRZYS8xZjBlMGY5ZS03YjU2LTRlOTYtOTg2NC01Yzg3ODFjNjVlYzMuanBnIiwiZWRpdHMiOnsidG9Gb3JtYXQiOiJqcGciLCJqcGVnIjp7InF1YWxpdHkiOjgwLCJjaHJvbWFTdWJzYW1wbGluZyI6IjQ6NDo0In0sInJlc2l6ZSI6eyJ3aWR0aCI6MzE2LCJoZWlnaHQiOjQ3NH19fQ==
Ori and the Will of the Wisps,https://ggapp.io/games/linE7X/ori-and-the-will-of-the-wisps,https://d2d2z3qzqjizpf.cloudfront.net/eyJidWNrZXQiOiJnZ2FwcCIsImtleSI6Im1lZGlhL2dhbWVzL2xpbkU3WC84NTE1ZDhjNC04NzMzLTRlZTUtOGNmNS1jMjJkMWYwNTY0YzMucG5nIiwiZWRpdHMiOnsidG9Gb3JtYXQiOiJqcGciLCJqcGVnIjp7InF1YWxpdHkiOjgwLCJjaHJvbWFTdWJzYW1wbGluZyI6IjQ6NDo0In0sInJlc2l6ZSI6eyJ3aWR0aCI6MzE2LCJoZWlnaHQiOjQ3NH19fQ==
Captain Tsubasa: Rise of New Champions,https://ggapp.io/games/ieGtHI/captain-tsubasa-rise-of-new-champions,https://d2d2z3qzqjizpf.cloudfront.net/eyJidWNrZXQiOiJnZ2FwcCIsImtleSI6Im1lZGlhL2dhbWVzL2llR3RISS8yMjU2ZDNmZS1jNmQwLTRkYzctODQxYS02YjY5MThmMDUwYmIuanBnIiwiZWRpdHMiOnsidG9Gb3JtYXQiOiJqcGciLCJqcGVnIjp7InF1YWxpdHkiOjgwLCJjaHJvbWFTdWJzYW1wbGluZyI6IjQ6NDo0In0sInJlc2l6ZSI6eyJ3aWR0aCI6MzE2LCJoZWlnaHQiOjQ3NH19fQ==
Dead Space,https://ggapp.io/games/HUH31M/dead-space,https://d2d2z3qzqjizpf.cloudfront.net/eyJidWNrZXQiOiJnZ2FwcCIsImtleSI6Im1lZGlhL2dhbWVzL0hVSDMxTS9hZTdhZjM0OC1hN2I2LTQ1MmQtYWZiZi03ZWE1YTQ5YWI3NWMucG5nIiwiZWRpdHMiOnsidG9Gb3JtYXQiOiJqcGciLCJqcGVnIjp7InF1YWxpdHkiOjgwLCJjaHJvbWFTdWJzYW1wbGluZyI6IjQ6NDo0In0sInJlc2l6ZSI6eyJ3aWR0aCI6MzE2LCJoZWlnaHQiOjQ3NH19fQ==
Dead Space 2,https://ggapp.io/games/SMnURj/dead-space-2,https://d2d2z3qzqjizpf.cloudfront.net/eyJidWNrZXQiOiJnZ2FwcCIsImtleSI6Im1lZGlhL2dhbWVzL1NNblVSai9iNTM2ODNmZS1iMmViLTQxY2ItYjI2Zi1mMDFkZWY4OGExZTQuanBnIiwiZWRpdHMiOnsidG9Gb3JtYXQiOiJqcGciLCJqcGVnIjp7InF1YWxpdHkiOjgwLCJjaHJvbWFTdWJzYW1wbGluZyI6IjQ6NDo0In0sInJlc2l6ZSI6eyJ3aWR0aCI6MzE2LCJoZWlnaHQiOjQ3NH19fQ==
Paper Mario,https://ggapp.io/games/5jbqx3/paper-mario,https://d2d2z3qzqjizpf.cloudfront.net/eyJidWNrZXQiOiJnZ2FwcCIsImtleSI6Im1lZGlhL2dhbWVzLzVqYnF4My9hMGE0NTBhMS00MTgwLTQwNzctYjI1Yi1hNjExZTRhM2ZjMGEucG5nIiwiZWRpdHMiOnsidG9Gb3JtYXQiOiJqcGciLCJqcGVnIjp7InF1YWxpdHkiOjgwLCJjaHJvbWFTdWJzYW1wbGluZyI6IjQ6NDo0In0sInJlc2l6ZSI6eyJ3aWR0aCI6MzE2LCJoZWlnaHQiOjQ3NH19fQ==
Need for Speed™,https://ggapp.io/games/nVGGXk/need-for-speed-tm,https://d2d2z3qzqjizpf.cloudfront.net/eyJidWNrZXQiOiJnZ2FwcCIsImtleSI6Im1lZGlhL2dhbWVzL25WR0dYay81Mjg3MGUyYy00MGJhLTQyOTctYTY4MC03NjEzZmU0ODMyOTEucG5nIiwiZWRpdHMiOnsidG9Gb3JtYXQiOiJqcGciLCJqcGVnIjp7InF1YWxpdHkiOjgwLCJjaHJvbWFTdWJzYW1wbGluZyI6IjQ6NDo0In0sInJlc2l6ZSI6eyJ3aWR0aCI6MzE2LCJoZWlnaHQiOjQ3NH19fQ==
